Launching language server: /home/loganmancuso/.vscode-oss/extensions/gamunu.opentofu-0.2.1/bin/opentofu-ls serve
Client: Stopped --> Starting
2024/07/31 23:08:12 serve_command.go:104: Starting terraform-ls 0.1.0
2024/07/31 23:08:12 service.go:103: Preparing new session ...
2024/07/31 23:08:12 langserver.go:102: Starting server (pid 55526; concurrency: 4) ...
2024/07/31 23:08:12 opts.go:215: Received request batch of size 1 (qlen=0)
2024/07/31 23:08:12 opts.go:215: Dequeued request batch of length 1 (qlen=0)
2024/07/31 23:08:12 rpc_logger.go:32: Incoming request for "initialize" (ID 0): {"processId":55351,"clientInfo":{"name":"VSCodium","version":"1.89.1"},"locale":"en","rootPath":"/home/loganmancuso/SourceControl/Snippets/prompt-work","rootUri":"file:///home/loganmancuso/SourceControl/Snippets/prompt-work","capabilities":{"workspace":{"applyEdit":true,"workspaceEdit":{"documentChanges":true,"resourceOperations":["create","rename","delete"],"failureHandling":"textOnlyTransactional","normalizesLineEndings":true,"changeAnnotationSupport":{"groupsOnLabel":true}},"configuration":true,"didChangeWatchedFiles":{"dynamicRegistration":true,"relativePatternSupport":true},"symbol":{"dynamicRegistration":true,"symbolKind":{"valueSet":[1,2,3,4,5,6,7,8,9,10,11,12,13,14,15,16,17,18,19,20,21,22,23,24,25,26]},"tagSupport":{"valueSet":[1]},"resolveSupport":{"properties":["location.range"]}},"codeLens":{"refreshSupport":true},"executeCommand":{"dynamicRegistration":true},"didChangeConfiguration":{"dynamicRegistration":true},"workspaceFolders":true,"semanticTokens":{"refreshSupport":true},"fileOperations":{"dynamicRegistration":true,"didCreate":true,"didRename":true,"didDelete":true,"willCreate":true,"willRename":true,"willDelete":true},"inlineValue":{"refreshSupport":true},"inlayHint":{"refreshSupport":true},"diagnostics":{"refreshSupport":true}},"textDocument":{"publishDiagnostics":{"relatedInformation":true,"versionSupport":false,"tagSupport":{"valueSet":[1,2]},"codeDescriptionSupport":true,"dataSupport":true},"synchronization":{"dynamicRegistration":true,"willSave":true,"willSaveWaitUntil":true,"didSave":true},"completion":{"dynamicRegistration":true,"contextSupport":true,"completionItem":{"snippetSupport":true,"commitCharactersSupport":true,"documentationFormat":["markdown","plaintext"],"deprecatedSupport":true,"preselectSupport":true,"tagSupport":{"valueSet":[1]},"insertReplaceSupport":true,"resolveSupport":{"properties":["documentation","detail","additionalTextEdits"]},"insertTextModeSupport":{"valueSet":[1,2]},"labelDetailsSupport":true},"insertTextMode":2,"completionItemKind":{"valueSet":[1,2,3,4,5,6,7,8,9,10,11,12,13,14,15,16,17,18,19,20,21,22,23,24,25]},"completionList":{"itemDefaults":["commitCharacters","editRange","insertTextFormat","insertTextMode"]}},"hover":{"dynamicRegistration":true,"contentFormat":["markdown","plaintext"]},"signatureHelp":{"dynamicRegistration":true,"signatureInformation":{"documentationFormat":["markdown","plaintext"],"parameterInformation":{"labelOffsetSupport":true},"activeParameterSupport":true},"contextSupport":true},"definition":{"dynamicRegistration":true,"linkSupport":true},"references":{"dynamicRegistration":true},"documentHighlight":{"dynamicRegistration":true},"documentSymbol":{"dynamicRegistration":true,"symbolKind":{"valueSet":[1,2,3,4,5,6,7,8,9,10,11,12,13,14,15,16,17,18,19,20,21,22,23,24,25,26]},"hierarchicalDocumentSymbolSupport":true,"tagSupport":{"valueSet":[1]},"labelSupport":true},"codeAction":{"dynamicRegistration":true,"isPreferredSupport":true,"disabledSupport":true,"dataSupport":true,"resolveSupport":{"properties":["edit"]},"codeActionLiteralSupport":{"codeActionKind":{"valueSet":["","quickfix","refactor","refactor.extract","refactor.inline","refactor.rewrite","source","source.organizeImports"]}},"honorsChangeAnnotations":false},"codeLens":{"dynamicRegistration":true},"formatting":{"dynamicRegistration":true},"rangeFormatting":{"dynamicRegistration":true},"onTypeFormatting":{"dynamicRegistration":true},"rename":{"dynamicRegistration":true,"prepareSupport":true,"prepareSupportDefaultBehavior":1,"honorsChangeAnnotations":true},"documentLink":{"dynamicRegistration":true,"tooltipSupport":true},"typeDefinition":{"dynamicRegistration":true,"linkSupport":true},"implementation":{"dynamicRegistration":true,"linkSupport":true},"colorProvider":{"dynamicRegistration":true},"foldingRange":{"dynamicRegistration":true,"rangeLimit":5000,"lineFoldingOnly":true,"foldingRangeKind":{"valueSet":["comment","imports","region"]},"foldingRange":{"collapsedText":false}},"declaration":{"dynamicRegistration":true,"linkSupport":true},"selectionRange":{"dynamicRegistration":true},"callHierarchy":{"dynamicRegistration":true},"semanticTokens":{"dynamicRegistration":true,"tokenTypes":["namespace","type","class","enum","interface","struct","typeParameter","parameter","variable","property","enumMember","event","function","method","macro","keyword","modifier","comment","string","number","regexp","operator","decorator","hcl-attrName","hcl-blockType","hcl-blockLabel","hcl-bool","hcl-string","hcl-number","hcl-objectKey","hcl-mapKey","hcl-keyword","hcl-referenceStep","hcl-typeComplex","hcl-typePrimitive","hcl-functionName"],"tokenModifiers":["declaration","definition","readonly","static","deprecated","abstract","async","modification","documentation","defaultLibrary","hcl-dependent","terraform-data","terraform-locals","terraform-module","terraform-output","terraform-provider","terraform-resource","terraform-provisioner","terraform-connection","terraform-variable","terraform-terraform","terraform-backend","terraform-name","terraform-type","terraform-requiredProviders"],"formats":["relative"],"requests":{"range":true,"full":{"delta":true}},"multilineTokenSupport":false,"overlappingTokenSupport":false,"serverCancelSupport":true,"augmentsSyntaxTokens":true},"linkedEditingRange":{"dynamicRegistration":true},"typeHierarchy":{"dynamicRegistration":true},"inlineValue":{"dynamicRegistration":true},"inlayHint":{"dynamicRegistration":true,"resolveSupport":{"properties":["tooltip","textEdits","label.tooltip","label.location","label.command"]}},"diagnostic":{"dynamicRegistration":true,"relatedDocumentSupport":false}},"window":{"showMessage":{"messageActionItem":{"additionalPropertiesSupport":true}},"showDocument":{"support":true},"workDoneProgress":true},"general":{"staleRequestSupport":{"cancel":true,"retryOnContentModified":["textDocument/semanticTokens/full","textDocument/semanticTokens/range","textDocument/semanticTokens/full/delta"]},"regularExpressions":{"engine":"ECMAScript","version":"ES2020"},"markdown":{"parser":"marked","version":"1.1.0"},"positionEncodings":["utf-16"]},"notebookDocument":{"synchronization":{"dynamicRegistration":true,"executionSummarySupport":true}},"experimental":{"refreshModuleProvidersCommandId":"client.refreshModuleProviders","refreshModuleCallsCommandId":"client.refreshModuleCalls","refreshTerraformVersionCommandId":"client.refreshTerraformVersion"}},"initializationOptions":{"validation":{"enableEnhancedValidation":true},"experimentalFeatures":{"validateOnSave":false,"prefillRequiredFields":false},"ignoreSingleFileWarning":false,"terraform":{"path":"","timeout":"","logFilePath":""},"indexing":{"ignorePaths":[],"ignoreDirectoryNames":[]}},"trace":"off","workspaceFolders":[{"uri":"file:///home/loganmancuso/SourceControl/Snippets/prompt-work","name":"prompt-work"},{"uri":"file:///home/loganmancuso/Documents/Backups/os-init","name":"os-init"},{"uri":"file:///home/loganmancuso/SourceControl/Personal/dotfiles","name":"dotfiles"},{"uri":"file:///home/loganmancuso/.config/hypr","name":"hypr"}],"workDoneToken":"700603f8-e498-491d-a630-cd72363a3b8f"}
2024/07/31 23:08:12 scheduler.go:56: launching eval loop 0
2024/07/31 23:08:12 service.go:476: started low priority scheduler
2024/07/31 23:08:12 scheduler.go:56: launching eval loop 0
2024/07/31 23:08:12 service.go:481: started high priority scheduler
2024/07/31 23:08:12 walker_paths.go:255: walking next dir: {"file:///home/loganmancuso/.config/hypr"}
2024/07/31 23:08:12 rpc_logger.go:53: Response to "initialize" (ID 0): {"capabilities":{"textDocumentSync":{"openClose":true,"change":2,"save":{}},"completionProvider":{"triggerCharacters":[".","["],"resolveProvider":true},"hoverProvider":true,"signatureHelpProvider":{"triggerCharacters":["(",","]},"declarationProvider":true,"definitionProvider":true,"referencesProvider":true,"documentSymbolProvider":true,"codeActionProvider":{"codeActionKinds":["source.formatAll.terraform"]},"codeLensProvider":{},"documentLinkProvider":{},"workspaceSymbolProvider":true,"documentFormattingProvider":true,"executeCommandProvider":{"commands":["terraform-ls.module.callers","terraform-ls.module.calls","terraform-ls.module.providers","terraform-ls.module.terraform","terraform-ls.rootmodules","terraform-ls.terraform.init","terraform-ls.terraform.validate"],"workDoneProgress":true},"semanticTokensProvider":{"legend":{"tokenTypes":["enumMember","function","keyword","number","parameter","property","string","type","variable","hcl-attrName","hcl-blockType","hcl-blockLabel","hcl-bool","hcl-string","hcl-number","hcl-objectKey","hcl-mapKey","hcl-keyword","hcl-referenceStep","hcl-typeComplex","hcl-typePrimitive","hcl-functionName"],"tokenModifiers":["defaultLibrary","hcl-dependent","terraform-backend","terraform-connection","terraform-data","terraform-locals","terraform-module","terraform-name","terraform-output","terraform-provider","terraform-provisioner","terraform-requiredProviders","terraform-resource","terraform-terraform","terraform-type","terraform-variable"]},"full":true},"workspace":{"workspaceFolders":{"supported":true,"changeNotifications":"workspace/didChangeWorkspaceFolders"},"fileOperations":{}},"experimental":{"referenceCountCodeLens":false,"refreshModuleProviders":true,"refreshModuleCalls":true,"refreshTerraformVersion":true}},"serverInfo":{"name":"terraform-ls","version":"0.1.0"}}
2024/07/31 23:08:12 opts.go:215: Completed 1 requests [7.044682ms elapsed]
2024/07/31 23:08:12 walker.go:242: walking of {file:///home/loganmancuso/.config/hypr/UserConfigs} finished
2024/07/31 23:08:12 walker.go:242: walking of {file:///home/loganmancuso/.config/hypr/UserScripts} finished
2024/07/31 23:08:12 walker.go:242: walking of {file:///home/loganmancuso/.config/hypr/configs} finished
2024/07/31 23:08:12 walker.go:242: walking of {file:///home/loganmancuso/.config/hypr/scripts} finished
2024/07/31 23:08:12 walker.go:242: walking of {file:///home/loganmancuso/.config/hypr/wallpaper_effects} finished
2024/07/31 23:08:12 walker.go:242: walking of {file:///home/loganmancuso/.config/hypr/wallust} finished
2024/07/31 23:08:12 walker.go:242: walking of {file:///home/loganmancuso/.config/hypr} finished
2024/07/31 23:08:12 walker.go:156: walker: walking through {"file:///home/loganmancuso/.config/hypr"} finished
2024/07/31 23:08:12 walker_paths.go:255: walking next dir: {"file:///home/loganmancuso/Documents/Backups/os-init"}
2024/07/31 23:08:12 walker.go:242: walking of {file:///home/loganmancuso/Documents/Backups/os-init/backup} finished
2024/07/31 23:08:12 walker.go:242: walking of {file:///home/loganmancuso/Documents/Backups/os-init/bootstrap} finished
2024/07/31 23:08:12 walker.go:242: walking of {file:///home/loganmancuso/Documents/Backups/os-init/install.bak} finished
Client: Starting --> Running
2024/07/31 23:08:12 walker.go:242: walking of {file:///home/loganmancuso/Documents/Backups/os-init/secrets/gnupg/.gnupg/crls.d} finished
2024/07/31 23:08:12 walker.go:242: walking of {file:///home/loganmancuso/Documents/Backups/os-init/secrets/gnupg/.gnupg/openpgp-revocs.d} finished
Started client
2024/07/31 23:08:12 walker.go:242: walking of {file:///home/loganmancuso/Documents/Backups/os-init/secrets/gnupg/.gnupg/private-keys-v1.d} finished
2024/07/31 23:08:12 walker.go:242: walking of {file:///home/loganmancuso/Documents/Backups/os-init/secrets/gnupg/.gnupg} finished
2024/07/31 23:08:12 walker.go:242: walking of {file:///home/loganmancuso/Documents/Backups/os-init/secrets/gnupg/crls.d} finished
2024/07/31 23:08:12 walker.go:242: walking of {file:///home/loganmancuso/Documents/Backups/os-init/secrets/gnupg/openpgp-revocs.d} finished
2024/07/31 23:08:12 opts.go:215: Received request batch of size 1 (qlen=0)
2024/07/31 23:08:12 walker.go:242: walking of {file:///home/loganmancuso/Documents/Backups/os-init/secrets/gnupg/private-keys-v1.d} finished
2024/07/31 23:08:12 walker.go:242: walking of {file:///home/loganmancuso/Documents/Backups/os-init/secrets/gnupg} finished
2024/07/31 23:08:12 opts.go:215: Dequeued request batch of length 1 (qlen=0)
2024/07/31 23:08:12 rpc_logger.go:32: Incoming notification for "initialized": {}
2024/07/31 23:08:12 opts.go:215: Posting server call "client/registerCapability" {"registrations":[{"id":"3da58135-cb1f-9841-76f5-25bb16753cd2","method":"workspace/didChangeWatchedFiles","registerOptions":{"watchers":[{"globPattern":"**/.terraform","kind":3},{"globPattern":"**/.terraform/modules/modules.json"},{"globPattern":"**/.terraform.lock.hcl"},{"globPattern":"**/.terraform/plugins/selections.json"},{"globPattern":"**/.terraform/plugins/linux_amd64/lock.json"}]}}]}
2024/07/31 23:08:12 walker.go:242: walking of {file:///home/loganmancuso/Documents/Backups/os-init/secrets/programs/vivaldi/AutofillStates/2024.7.12.235938/_metadata} finished
2024/07/31 23:08:12 walker.go:242: walking of {file:///home/loganmancuso/Documents/Backups/os-init/secrets/programs/vivaldi/AutofillStates/2024.7.12.235938} finished
2024/07/31 23:08:12 walker.go:242: walking of {file:///home/loganmancuso/Documents/Backups/os-init/secrets/programs/vivaldi/AutofillStates} finished
2024/07/31 23:08:12 walker.go:242: walking of {file:///home/loganmancuso/Documents/Backups/os-init/secrets/programs/vivaldi/CertificateRevocation/8944/_metadata} finished
2024/07/31 23:08:12 walker.go:242: walking of {file:///home/loganmancuso/Documents/Backups/os-init/secrets/programs/vivaldi/CertificateRevocation/8944} finished
2024/07/31 23:08:12 walker.go:242: walking of {file:///home/loganmancuso/Documents/Backups/os-init/secrets/programs/vivaldi/CertificateRevocation/8945/_metadata} finished
2024/07/31 23:08:12 walker.go:242: walking of {file:///home/loganmancuso/Documents/Backups/os-init/secrets/programs/vivaldi/CertificateRevocation/8945} finished
2024/07/31 23:08:12 walker.go:242: walking of {file:///home/loganmancuso/Documents/Backups/os-init/secrets/programs/vivaldi/CertificateRevocation} finished
2024/07/31 23:08:12 walker.go:242: walking of {file:///home/loganmancuso/Documents/Backups/os-init/secrets/programs/vivaldi/Crash%20Reports/attachments} finished
2024/07/31 23:08:12 walker.go:242: walking of {file:///home/loganmancuso/Documents/Backups/os-init/secrets/programs/vivaldi/Crash%20Reports/completed} finished
2024/07/31 23:08:12 walker.go:242: walking of {file:///home/loganmancuso/Documents/Backups/os-init/secrets/programs/vivaldi/Crash%20Reports/new} finished
2024/07/31 23:08:12 walker.go:242: walking of {file:///home/loganmancuso/Documents/Backups/os-init/secrets/programs/vivaldi/Crash%20Reports/pending} finished
2024/07/31 23:08:12 walker.go:242: walking of {file:///home/loganmancuso/Documents/Backups/os-init/secrets/programs/vivaldi/Crash%20Reports} finished
2024/07/31 23:08:12 walker.go:242: walking of {file:///home/loganmancuso/Documents/Backups/os-init/secrets/programs/vivaldi/Crowd%20Deny/2023.11.29.1201/_metadata} finished
2024/07/31 23:08:12 walker.go:242: walking of {file:///home/loganmancuso/Documents/Backups/os-init/secrets/programs/vivaldi/Crowd%20Deny/2023.11.29.1201} finished
2024/07/31 23:08:12 walker.go:242: walking of {file:///home/loganmancuso/Documents/Backups/os-init/secrets/programs/vivaldi/Crowd%20Deny} finished
2024/07/31 23:08:12 walker.go:242: walking of {file:///home/loganmancuso/Documents/Backups/os-init/secrets/programs/vivaldi/Default/AdBlockRules/AdBlocking} finished
2024/07/31 23:08:12 walker.go:242: walking of {file:///home/loganmancuso/Documents/Backups/os-init/secrets/programs/vivaldi/Default/AdBlockRules/TrackerBlocking} finished
2024/07/31 23:08:12 walker.go:242: walking of {file:///home/loganmancuso/Documents/Backups/os-init/secrets/programs/vivaldi/Default/AdBlockRules} finished
2024/07/31 23:08:12 walker.go:242: walking of {file:///home/loganmancuso/Documents/Backups/os-init/secrets/programs/vivaldi/Default/AutofillStrikeDatabase} finished
2024/07/31 23:08:12 walker.go:242: walking of {file:///home/loganmancuso/Documents/Backups/os-init/secrets/programs/vivaldi/Default/BudgetDatabase} finished
2024/07/31 23:08:12 walker.go:242: walking of {file:///home/loganmancuso/Documents/Backups/os-init/secrets/programs/vivaldi/Default/ClientCertificates} finished
2024/07/31 23:08:12 walker.go:242: walking of {file:///home/loganmancuso/Documents/Backups/os-init/secrets/programs/vivaldi/Default/DawnGraphiteCache} finished
2024/07/31 23:08:12 walker.go:242: walking of {file:///home/loganmancuso/Documents/Backups/os-init/secrets/programs/vivaldi/Default/DawnWebGPUCache} finished
2024/07/31 23:08:12 walker.go:242: walking of {file:///home/loganmancuso/Documents/Backups/os-init/secrets/programs/vivaldi/Default/Extension%20Rules} finished
2024/07/31 23:08:12 walker.go:242: walking of {file:///home/loganmancuso/Documents/Backups/os-init/secrets/programs/vivaldi/Default/Extension%20Scripts} finished
2024/07/31 23:08:12 walker.go:242: walking of {file:///home/loganmancuso/Documents/Backups/os-init/secrets/programs/vivaldi/Default/Extension%20State} finished
2024/07/31 23:08:12 walker.go:242: walking of {file:///home/loganmancuso/Documents/Backups/os-init/secrets/programs/vivaldi/Default/Extensions/nngceckbapebfimnlniiiahkandclblb/2024.6.2_0/_locales/ar} finished
2024/07/31 23:08:12 walker.go:242: walking of {file:///home/loganmancuso/Documents/Backups/os-init/secrets/programs/vivaldi/Default/Extensions/nngceckbapebfimnlniiiahkandclblb/2024.6.2_0/_locales/az} finished
2024/07/31 23:08:12 walker.go:242: walking of {file:///home/loganmancuso/Documents/Backups/os-init/secrets/programs/vivaldi/Default/Extensions/nngceckbapebfimnlniiiahkandclblb/2024.6.2_0/_locales/be} finished
2024/07/31 23:08:12 walker.go:242: walking of {file:///home/loganmancuso/Documents/Backups/os-init/secrets/programs/vivaldi/Default/Extensions/nngceckbapebfimnlniiiahkandclblb/2024.6.2_0/_locales/bg} finished
2024/07/31 23:08:12 walker.go:242: walking of {file:///home/loganmancuso/Documents/Backups/os-init/secrets/programs/vivaldi/Default/Extensions/nngceckbapebfimnlniiiahkandclblb/2024.6.2_0/_locales/bn} finished
2024/07/31 23:08:12 walker.go:242: walking of {file:///home/loganmancuso/Documents/Backups/os-init/secrets/programs/vivaldi/Default/Extensions/nngceckbapebfimnlniiiahkandclblb/2024.6.2_0/_locales/bs} finished
2024/07/31 23:08:12 walker.go:242: walking of {file:///home/loganmancuso/Documents/Backups/os-init/secrets/programs/vivaldi/Default/Extensions/nngceckbapebfimnlniiiahkandclblb/2024.6.2_0/_locales/ca} finished
2024/07/31 23:08:12 walker.go:242: walking of {file:///home/loganmancuso/Documents/Backups/os-init/secrets/programs/vivaldi/Default/Extensions/nngceckbapebfimnlniiiahkandclblb/2024.6.2_0/_locales/cs} finished
2024/07/31 23:08:12 walker.go:242: walking of {file:///home/loganmancuso/Documents/Backups/os-init/secrets/programs/vivaldi/Default/Extensions/nngceckbapebfimnlniiiahkandclblb/2024.6.2_0/_locales/cy} finished
2024/07/31 23:08:12 walker.go:242: walking of {file:///home/loganmancuso/Documents/Backups/os-init/secrets/programs/vivaldi/Default/Extensions/nngceckbapebfimnlniiiahkandclblb/2024.6.2_0/_locales/da} finished
2024/07/31 23:08:12 walker.go:242: walking of {file:///home/loganmancuso/Documents/Backups/os-init/secrets/programs/vivaldi/Default/Extensions/nngceckbapebfimnlniiiahkandclblb/2024.6.2_0/_locales/de} finished
2024/07/31 23:08:12 walker.go:242: walking of {file:///home/loganmancuso/Documents/Backups/os-init/secrets/programs/vivaldi/Default/Extensions/nngceckbapebfimnlniiiahkandclblb/2024.6.2_0/_locales/el} finished
2024/07/31 23:08:12 walker.go:242: walking of {file:///home/loganmancuso/Documents/Backups/os-init/secrets/programs/vivaldi/Default/Extensions/nngceckbapebfimnlniiiahkandclblb/2024.6.2_0/_locales/en} finished
2024/07/31 23:08:12 walker.go:242: walking of {file:///home/loganmancuso/Documents/Backups/os-init/secrets/programs/vivaldi/Default/Extensions/nngceckbapebfimnlniiiahkandclblb/2024.6.2_0/_locales/en_GB} finished
2024/07/31 23:08:12 walker.go:242: walking of {file:///home/loganmancuso/Documents/Backups/os-init/secrets/programs/vivaldi/Default/Extensions/nngceckbapebfimnlniiiahkandclblb/2024.6.2_0/_locales/en_IN} finished
2024/07/31 23:08:12 walker.go:242: walking of {file:///home/loganmancuso/Documents/Backups/os-init/secrets/programs/vivaldi/Default/Extensions/nngceckbapebfimnlniiiahkandclblb/2024.6.2_0/_locales/es} finished
2024/07/31 23:08:12 walker.go:242: walking of {file:///home/loganmancuso/Documents/Backups/os-init/secrets/programs/vivaldi/Default/Extensions/nngceckbapebfimnlniiiahkandclblb/2024.6.2_0/_locales/et} finished
2024/07/31 23:08:12 walker.go:242: walking of {file:///home/loganmancuso/Documents/Backups/os-init/secrets/programs/vivaldi/Default/Extensions/nngceckbapebfimnlniiiahkandclblb/2024.6.2_0/_locales/eu} finished
2024/07/31 23:08:12 walker.go:242: walking of {file:///home/loganmancuso/Documents/Backups/os-init/secrets/programs/vivaldi/Default/Extensions/nngceckbapebfimnlniiiahkandclblb/2024.6.2_0/_locales/fa} finished
2024/07/31 23:08:12 walker.go:242: walking of {file:///home/loganmancuso/Documents/Backups/os-init/secrets/programs/vivaldi/Default/Extensions/nngceckbapebfimnlniiiahkandclblb/2024.6.2_0/_locales/fi} finished
2024/07/31 23:08:12 walker.go:242: walking of {file:///home/loganmancuso/Documents/Backups/os-init/secrets/programs/vivaldi/Default/Extensions/nngceckbapebfimnlniiiahkandclblb/2024.6.2_0/_locales/fil} finished
2024/07/31 23:08:12 walker.go:242: walking of {file:///home/loganmancuso/Documents/Backups/os-init/secrets/programs/vivaldi/Default/Extensions/nngceckbapebfimnlniiiahkandclblb/2024.6.2_0/_locales/fr} finished
2024/07/31 23:08:12 walker.go:242: walking of {file:///home/loganmancuso/Documents/Backups/os-init/secrets/programs/vivaldi/Default/Extensions/nngceckbapebfimnlniiiahkandclblb/2024.6.2_0/_locales/gl} finished
2024/07/31 23:08:12 walker.go:242: walking of {file:///home/loganmancuso/Documents/Backups/os-init/secrets/programs/vivaldi/Default/Extensions/nngceckbapebfimnlniiiahkandclblb/2024.6.2_0/_locales/he} finished
2024/07/31 23:08:12 walker.go:242: walking of {file:///home/loganmancuso/Documents/Backups/os-init/secrets/programs/vivaldi/Default/Extensions/nngceckbapebfimnlniiiahkandclblb/2024.6.2_0/_locales/hi} finished
2024/07/31 23:08:12 walker.go:242: walking of {file:///home/loganmancuso/Documents/Backups/os-init/secrets/programs/vivaldi/Default/Extensions/nngceckbapebfimnlniiiahkandclblb/2024.6.2_0/_locales/hr} finished
2024/07/31 23:08:12 walker.go:242: walking of {file:///home/loganmancuso/Documents/Backups/os-init/secrets/programs/vivaldi/Default/Extensions/nngceckbapebfimnlniiiahkandclblb/2024.6.2_0/_locales/hu} finished
2024/07/31 23:08:12 walker.go:242: walking of {file:///home/loganmancuso/Documents/Backups/os-init/secrets/programs/vivaldi/Default/Extensions/nngceckbapebfimnlniiiahkandclblb/2024.6.2_0/_locales/id} finished
2024/07/31 23:08:12 walker.go:242: walking of {file:///home/loganmancuso/Documents/Backups/os-init/secrets/programs/vivaldi/Default/Extensions/nngceckbapebfimnlniiiahkandclblb/2024.6.2_0/_locales/it} finished
2024/07/31 23:08:12 walker.go:242: walking of {file:///home/loganmancuso/Documents/Backups/os-init/secrets/programs/vivaldi/Default/Extensions/nngceckbapebfimnlniiiahkandclblb/2024.6.2_0/_locales/ja} finished
2024/07/31 23:08:12 walker.go:242: walking of {file:///home/loganmancuso/Documents/Backups/os-init/secrets/programs/vivaldi/Default/Extensions/nngceckbapebfimnlniiiahkandclblb/2024.6.2_0/_locales/ka} finished
2024/07/31 23:08:12 walker.go:242: walking of {file:///home/loganmancuso/Documents/Backups/os-init/secrets/programs/vivaldi/Default/Extensions/nngceckbapebfimnlniiiahkandclblb/2024.6.2_0/_locales/km} finished
2024/07/31 23:08:12 walker.go:242: walking of {file:///home/loganmancuso/Documents/Backups/os-init/secrets/programs/vivaldi/Default/Extensions/nngceckbapebfimnlniiiahkandclblb/2024.6.2_0/_locales/kn} finished
2024/07/31 23:08:12 walker.go:242: walking of {file:///home/loganmancuso/Documents/Backups/os-init/secrets/programs/vivaldi/Default/Extensions/nngceckbapebfimnlniiiahkandclblb/2024.6.2_0/_locales/ko} finished
2024/07/31 23:08:12 walker.go:242: walking of {file:///home/loganmancuso/Documents/Backups/os-init/secrets/programs/vivaldi/Default/Extensions/nngceckbapebfimnlniiiahkandclblb/2024.6.2_0/_locales/lt} finished
2024/07/31 23:08:12 walker.go:242: walking of {file:///home/loganmancuso/Documents/Backups/os-init/secrets/programs/vivaldi/Default/Extensions/nngceckbapebfimnlniiiahkandclblb/2024.6.2_0/_locales/lv} finished
2024/07/31 23:08:12 walker.go:242: walking of {file:///home/loganmancuso/Documents/Backups/os-init/secrets/programs/vivaldi/Default/Extensions/nngceckbapebfimnlniiiahkandclblb/2024.6.2_0/_locales/ml} finished
2024/07/31 23:08:12 walker.go:242: walking of {file:///home/loganmancuso/Documents/Backups/os-init/secrets/programs/vivaldi/Default/Extensions/nngceckbapebfimnlniiiahkandclblb/2024.6.2_0/_locales/mr} finished
2024/07/31 23:08:12 walker.go:242: walking of {file:///home/loganmancuso/Documents/Backups/os-init/secrets/programs/vivaldi/Default/Extensions/nngceckbapebfimnlniiiahkandclblb/2024.6.2_0/_locales/my} finished
2024/07/31 23:08:12 walker.go:242: walking of {file:///home/loganmancuso/Documents/Backups/os-init/secrets/programs/vivaldi/Default/Extensions/nngceckbapebfimnlniiiahkandclblb/2024.6.2_0/_locales/nb} finished
2024/07/31 23:08:12 walker.go:242: walking of {file:///home/loganmancuso/Documents/Backups/os-init/secrets/programs/vivaldi/Default/Extensions/nngceckbapebfimnlniiiahkandclblb/2024.6.2_0/_locales/ne} finished
2024/07/31 23:08:12 walker.go:242: walking of {file:///home/loganmancuso/Documents/Backups/os-init/secrets/programs/vivaldi/Default/Extensions/nngceckbapebfimnlniiiahkandclblb/2024.6.2_0/_locales/nl} finished
2024/07/31 23:08:12 walker.go:242: walking of {file:///home/loganmancuso/Documents/Backups/os-init/secrets/programs/vivaldi/Default/Extensions/nngceckbapebfimnlniiiahkandclblb/2024.6.2_0/_locales/nn} finished
2024/07/31 23:08:12 walker.go:242: walking of {file:///home/loganmancuso/Documents/Backups/os-init/secrets/programs/vivaldi/Default/Extensions/nngceckbapebfimnlniiiahkandclblb/2024.6.2_0/_locales/or} finished
2024/07/31 23:08:12 walker.go:242: walking of {file:///home/loganmancuso/Documents/Backups/os-init/secrets/programs/vivaldi/Default/Extensions/nngceckbapebfimnlniiiahkandclblb/2024.6.2_0/_locales/pl} finished
2024/07/31 23:08:12 walker.go:242: walking of {file:///home/loganmancuso/Documents/Backups/os-init/secrets/programs/vivaldi/Default/Extensions/nngceckbapebfimnlniiiahkandclblb/2024.6.2_0/_locales/pt_BR} finished
2024/07/31 23:08:12 walker.go:242: walking of {file:///home/loganmancuso/Documents/Backups/os-init/secrets/programs/vivaldi/Default/Extensions/nngceckbapebfimnlniiiahkandclblb/2024.6.2_0/_locales/pt_PT} finished
2024/07/31 23:08:12 walker.go:242: walking of {file:///home/loganmancuso/Documents/Backups/os-init/secrets/programs/vivaldi/Default/Extensions/nngceckbapebfimnlniiiahkandclblb/2024.6.2_0/_locales/ro} finished
2024/07/31 23:08:12 walker.go:242: walking of {file:///home/loganmancuso/Documents/Backups/os-init/secrets/programs/vivaldi/Default/Extensions/nngceckbapebfimnlniiiahkandclblb/2024.6.2_0/_locales/ru} finished
2024/07/31 23:08:12 walker.go:242: walking of {file:///home/loganmancuso/Documents/Backups/os-init/secrets/programs/vivaldi/Default/Extensions/nngceckbapebfimnlniiiahkandclblb/2024.6.2_0/_locales/si} finished
2024/07/31 23:08:12 walker.go:242: walking of {file:///home/loganmancuso/Documents/Backups/os-init/secrets/programs/vivaldi/Default/Extensions/nngceckbapebfimnlniiiahkandclblb/2024.6.2_0/_locales/sk} finished
2024/07/31 23:08:12 walker.go:242: walking of {file:///home/loganmancuso/Documents/Backups/os-init/secrets/programs/vivaldi/Default/Extensions/nngceckbapebfimnlniiiahkandclblb/2024.6.2_0/_locales/sl} finished
2024/07/31 23:08:12 walker.go:242: walking of {file:///home/loganmancuso/Documents/Backups/os-init/secrets/programs/vivaldi/Default/Extensions/nngceckbapebfimnlniiiahkandclblb/2024.6.2_0/_locales/sr} finished
2024/07/31 23:08:12 walker.go:242: walking of {file:///home/loganmancuso/Documents/Backups/os-init/secrets/programs/vivaldi/Default/Extensions/nngceckbapebfimnlniiiahkandclblb/2024.6.2_0/_locales/sv} finished
2024/07/31 23:08:12 walker.go:242: walking of {file:///home/loganmancuso/Documents/Backups/os-init/secrets/programs/vivaldi/Default/Extensions/nngceckbapebfimnlniiiahkandclblb/2024.6.2_0/_locales/te} finished
2024/07/31 23:08:12 walker.go:242: walking of {file:///home/loganmancuso/Documents/Backups/os-init/secrets/programs/vivaldi/Default/Extensions/nngceckbapebfimnlniiiahkandclblb/2024.6.2_0/_locales/th} finished
2024/07/31 23:08:12 walker.go:242: walking of {file:///home/loganmancuso/Documents/Backups/os-init/secrets/programs/vivaldi/Default/Extensions/nngceckbapebfimnlniiiahkandclblb/2024.6.2_0/_locales/tr} finished
2024/07/31 23:08:12 walker.go:242: walking of {file:///home/loganmancuso/Documents/Backups/os-init/secrets/programs/vivaldi/Default/Extensions/nngceckbapebfimnlniiiahkandclblb/2024.6.2_0/_locales/uk} finished
2024/07/31 23:08:12 walker.go:242: walking of {file:///home/loganmancuso/Documents/Backups/os-init/secrets/programs/vivaldi/Default/Extensions/nngceckbapebfimnlniiiahkandclblb/2024.6.2_0/_locales/vi} finished
2024/07/31 23:08:12 walker.go:242: walking of {file:///home/loganmancuso/Documents/Backups/os-init/secrets/programs/vivaldi/Default/Extensions/nngceckbapebfimnlniiiahkandclblb/2024.6.2_0/_locales/zh_CN} finished
2024/07/31 23:08:12 walker.go:242: walking of {file:///home/loganmancuso/Documents/Backups/os-init/secrets/programs/vivaldi/Default/Extensions/nngceckbapebfimnlniiiahkandclblb/2024.6.2_0/_locales/zh_TW} finished
2024/07/31 23:08:12 walker.go:242: walking of {file:///home/loganmancuso/Documents/Backups/os-init/secrets/programs/vivaldi/Default/Extensions/nngceckbapebfimnlniiiahkandclblb/2024.6.2_0/_locales} finished
2024/07/31 23:08:12 walker.go:242: walking of {file:///home/loganmancuso/Documents/Backups/os-init/secrets/programs/vivaldi/Default/Extensions/nngceckbapebfimnlniiiahkandclblb/2024.6.2_0/_metadata} finished
2024/07/31 23:08:12 walker.go:242: walking of {file:///home/loganmancuso/Documents/Backups/os-init/secrets/programs/vivaldi/Default/Extensions/nngceckbapebfimnlniiiahkandclblb/2024.6.2_0/content/fido2} finished
2024/07/31 23:08:12 walker.go:242: walking of {file:///home/loganmancuso/Documents/Backups/os-init/secrets/programs/vivaldi/Default/Extensions/nngceckbapebfimnlniiiahkandclblb/2024.6.2_0/content} finished
2024/07/31 23:08:12 walker.go:242: walking of {file:///home/loganmancuso/Documents/Backups/os-init/secrets/programs/vivaldi/Default/Extensions/nngceckbapebfimnlniiiahkandclblb/2024.6.2_0/images} finished
2024/07/31 23:08:12 walker.go:242: walking of {file:///home/loganmancuso/Documents/Backups/os-init/secrets/programs/vivaldi/Default/Extensions/nngceckbapebfimnlniiiahkandclblb/2024.6.2_0/notification} finished
2024/07/31 23:08:12 walker.go:242: walking of {file:///home/loganmancuso/Documents/Backups/os-init/secrets/programs/vivaldi/Default/Extensions/nngceckbapebfimnlniiiahkandclblb/2024.6.2_0/offscreen-document} finished
2024/07/31 23:08:12 walker.go:242: walking of {file:///home/loganmancuso/Documents/Backups/os-init/secrets/programs/vivaldi/Default/Extensions/nngceckbapebfimnlniiiahkandclblb/2024.6.2_0/overlay} finished
2024/07/31 23:08:12 walker.go:242: walking of {file:///home/loganmancuso/Documents/Backups/os-init/secrets/programs/vivaldi/Default/Extensions/nngceckbapebfimnlniiiahkandclblb/2024.6.2_0/popup/fonts} finished
2024/07/31 23:08:12 opts.go:215: Received response for callback "1"
2024/07/31 23:08:12 walker.go:242: walking of {file:///home/loganmancuso/Documents/Backups/os-init/secrets/programs/vivaldi/Default/Extensions/nngceckbapebfimnlniiiahkandclblb/2024.6.2_0/popup/images} finished
2024/07/31 23:08:12 walker.go:242: walking of {file:///home/loganmancuso/Documents/Backups/os-init/secrets/programs/vivaldi/Default/Extensions/nngceckbapebfimnlniiiahkandclblb/2024.6.2_0/popup} finished
2024/07/31 23:08:12 walker.go:242: walking of {file:///home/loganmancuso/Documents/Backups/os-init/secrets/programs/vivaldi/Default/Extensions/nngceckbapebfimnlniiiahkandclblb/2024.6.2_0} finished
2024/07/31 23:08:12 walker.go:242: walking of {file:///home/loganmancuso/Documents/Backups/os-init/secrets/programs/vivaldi/Default/Extensions/nngceckbapebfimnlniiiahkandclblb} finished
2024/07/31 23:08:12 walker.go:242: walking of {file:///home/loganmancuso/Documents/Backups/os-init/secrets/programs/vivaldi/Default/Extensions} finished
2024/07/31 23:08:12 walker.go:242: walking of {file:///home/loganmancuso/Documents/Backups/os-init/secrets/programs/vivaldi/Default/Feature%20Engagement%20Tracker/AvailabilityDB} finished
2024/07/31 23:08:12 walker.go:242: walking of {file:///home/loganmancuso/Documents/Backups/os-init/secrets/programs/vivaldi/Default/Feature%20Engagement%20Tracker/EventDB} finished
2024/07/31 23:08:12 walker.go:242: walking of {file:///home/loganmancuso/Documents/Backups/os-init/secrets/programs/vivaldi/Default/Feature%20Engagement%20Tracker} finished
2024/07/31 23:08:12 walker.go:242: walking of {file:///home/loganmancuso/Documents/Backups/os-init/secrets/programs/vivaldi/Default/GCM%20Store/Encryption} finished
2024/07/31 23:08:12 walker.go:242: walking of {file:///home/loganmancuso/Documents/Backups/os-init/secrets/programs/vivaldi/Default/GCM%20Store} finished
2024/07/31 23:08:12 walker.go:242: walking of {file:///home/loganmancuso/Documents/Backups/os-init/secrets/programs/vivaldi/Default/GPUCache} finished
2024/07/31 23:08:12 walker.go:242: walking of {file:///home/loganmancuso/Documents/Backups/os-init/secrets/programs/vivaldi/Default/IndexedDB/https_community.octoprint.org_0.indexeddb.leveldb} finished
2024/07/31 23:08:12 walker.go:242: walking of {file:///home/loganmancuso/Documents/Backups/os-init/secrets/programs/vivaldi/Default/IndexedDB/https_global.americanexpress.com_0.indexeddb.blob/1/00} finished
2024/07/31 23:08:12 walker.go:242: walking of {file:///home/loganmancuso/Documents/Backups/os-init/secrets/programs/vivaldi/Default/IndexedDB/https_global.americanexpress.com_0.indexeddb.blob/1} finished
2024/07/31 23:08:12 walker.go:242: walking of {file:///home/loganmancuso/Documents/Backups/os-init/secrets/programs/vivaldi/Default/IndexedDB/https_global.americanexpress.com_0.indexeddb.blob} finished
2024/07/31 23:08:12 walker.go:242: walking of {file:///home/loganmancuso/Documents/Backups/os-init/secrets/programs/vivaldi/Default/IndexedDB/https_global.americanexpress.com_0.indexeddb.leveldb} finished
2024/07/31 23:08:12 walker.go:242: walking of {file:///home/loganmancuso/Documents/Backups/os-init/secrets/programs/vivaldi/Default/IndexedDB/https_mail.google.com_0.indexeddb.leveldb} finished
2024/07/31 23:08:12 walker.go:242: walking of {file:///home/loganmancuso/Documents/Backups/os-init/secrets/programs/vivaldi/Default/IndexedDB/https_secure.indeed.com_0.indexeddb.leveldb} finished
2024/07/31 23:08:12 walker.go:242: walking of {file:///home/loganmancuso/Documents/Backups/os-init/secrets/programs/vivaldi/Default/IndexedDB/https_www.americanexpress.com_0.indexeddb.blob/1/00} finished
2024/07/31 23:08:12 walker.go:242: walking of {file:///home/loganmancuso/Documents/Backups/os-init/secrets/programs/vivaldi/Default/IndexedDB/https_www.americanexpress.com_0.indexeddb.blob/1} finished
2024/07/31 23:08:12 walker.go:242: walking of {file:///home/loganmancuso/Documents/Backups/os-init/secrets/programs/vivaldi/Default/IndexedDB/https_www.americanexpress.com_0.indexeddb.blob} finished
2024/07/31 23:08:12 walker.go:242: walking of {file:///home/loganmancuso/Documents/Backups/os-init/secrets/programs/vivaldi/Default/IndexedDB/https_www.americanexpress.com_0.indexeddb.leveldb} finished
2024/07/31 23:08:12 walker.go:242: walking of {file:///home/loganmancuso/Documents/Backups/os-init/secrets/programs/vivaldi/Default/IndexedDB/https_www.linkedin.com_0.indexeddb.leveldb} finished
2024/07/31 23:08:12 walker.go:242: walking of {file:///home/loganmancuso/Documents/Backups/os-init/secrets/programs/vivaldi/Default/IndexedDB/https_www.reddit.com_0.indexeddb.leveldb} finished
2024/07/31 23:08:12 walker.go:242: walking of {file:///home/loganmancuso/Documents/Backups/os-init/secrets/programs/vivaldi/Default/IndexedDB/https_www.youtube.com_0.indexeddb.blob/4/00} finished
2024/07/31 23:08:12 walker.go:242: walking of {file:///home/loganmancuso/Documents/Backups/os-init/secrets/programs/vivaldi/Default/IndexedDB/https_www.youtube.com_0.indexeddb.blob/4} finished
2024/07/31 23:08:12 walker.go:242: walking of {file:///home/loganmancuso/Documents/Backups/os-init/secrets/programs/vivaldi/Default/IndexedDB/https_www.youtube.com_0.indexeddb.blob/8/00} finished
2024/07/31 23:08:12 walker.go:242: walking of {file:///home/loganmancuso/Documents/Backups/os-init/secrets/programs/vivaldi/Default/IndexedDB/https_www.youtube.com_0.indexeddb.blob/8} finished
2024/07/31 23:08:12 walker.go:242: walking of {file:///home/loganmancuso/Documents/Backups/os-init/secrets/programs/vivaldi/Default/IndexedDB/https_www.youtube.com_0.indexeddb.blob} finished
2024/07/31 23:08:12 walker.go:242: walking of {file:///home/loganmancuso/Documents/Backups/os-init/secrets/programs/vivaldi/Default/IndexedDB/https_www.youtube.com_0.indexeddb.leveldb} finished
2024/07/31 23:08:12 walker.go:242: walking of {file:///home/loganmancuso/Documents/Backups/os-init/secrets/programs/vivaldi/Default/IndexedDB} finished
2024/07/31 23:08:12 walker.go:242: walking of {file:///home/loganmancuso/Documents/Backups/os-init/secrets/programs/vivaldi/Default/Local%20App%20Settings/mpognobbkildjkofajifpdfhcoklimli} finished
2024/07/31 23:08:12 walker.go:242: walking of {file:///home/loganmancuso/Documents/Backups/os-init/secrets/programs/vivaldi/Default/Local%20App%20Settings} finished
2024/07/31 23:08:12 walker.go:242: walking of {file:///home/loganmancuso/Documents/Backups/os-init/secrets/programs/vivaldi/Default/Local%20Extension%20Settings/nngceckbapebfimnlniiiahkandclblb} finished
2024/07/31 23:08:12 walker.go:242: walking of {file:///home/loganmancuso/Documents/Backups/os-init/secrets/programs/vivaldi/Default/Local%20Extension%20Settings} finished
2024/07/31 23:08:12 walker.go:242: walking of {file:///home/loganmancuso/Documents/Backups/os-init/secrets/programs/vivaldi/Default/Local%20Storage/leveldb} finished
2024/07/31 23:08:12 walker.go:242: walking of {file:///home/loganmancuso/Documents/Backups/os-init/secrets/programs/vivaldi/Default/Local%20Storage} finished
2024/07/31 23:08:12 walker.go:242: walking of {file:///home/loganmancuso/Documents/Backups/os-init/secrets/programs/vivaldi/Default/Managed%20Extension%20Settings/nngceckbapebfimnlniiiahkandclblb} finished
2024/07/31 23:08:12 walker.go:242: walking of {file:///home/loganmancuso/Documents/Backups/os-init/secrets/programs/vivaldi/Default/Managed%20Extension%20Settings} finished
2024/07/31 23:08:12 walker.go:242: walking of {file:///home/loganmancuso/Documents/Backups/os-init/secrets/programs/vivaldi/Default/PersistentOriginTrials} finished
2024/07/31 23:08:12 walker.go:242: walking of {file:///home/loganmancuso/Documents/Backups/os-init/secrets/programs/vivaldi/Default/Platform%20Notifications} finished
2024/07/31 23:08:12 walker.go:242: walking of {file:///home/loganmancuso/Documents/Backups/os-init/secrets/programs/vivaldi/Default/Service%20Worker/CacheStorage/312135a264cfc444fafe9387d0c8231a235cffc8/29358cda-2c0d-499e-98e1-0f61aa60dbdb/index-dir} finished
2024/07/31 23:08:12 walker.go:242: walking of {file:///home/loganmancuso/Documents/Backups/os-init/secrets/programs/vivaldi/Default/Service%20Worker/CacheStorage/312135a264cfc444fafe9387d0c8231a235cffc8/29358cda-2c0d-499e-98e1-0f61aa60dbdb} finished
2024/07/31 23:08:12 walker.go:242: walking of {file:///home/loganmancuso/Documents/Backups/os-init/secrets/programs/vivaldi/Default/Service%20Worker/CacheStorage/312135a264cfc444fafe9387d0c8231a235cffc8} finished
2024/07/31 23:08:12 walker.go:242: walking of {file:///home/loganmancuso/Documents/Backups/os-init/secrets/programs/vivaldi/Default/Service%20Worker/CacheStorage/379f1cbab5b08b6fc9e08681e42d8be311441c88/787277e4-865d-4bc5-9aa6-e0029f65d5b8/index-dir} finished
2024/07/31 23:08:12 walker.go:242: walking of {file:///home/loganmancuso/Documents/Backups/os-init/secrets/programs/vivaldi/Default/Service%20Worker/CacheStorage/379f1cbab5b08b6fc9e08681e42d8be311441c88/787277e4-865d-4bc5-9aa6-e0029f65d5b8} finished
2024/07/31 23:08:12 walker.go:242: walking of {file:///home/loganmancuso/Documents/Backups/os-init/secrets/programs/vivaldi/Default/Service%20Worker/CacheStorage/379f1cbab5b08b6fc9e08681e42d8be311441c88/b91fd84a-46e4-4763-950c-febc004b3958/index-dir} finished
2024/07/31 23:08:12 walker.go:242: walking of {file:///home/loganmancuso/Documents/Backups/os-init/secrets/programs/vivaldi/Default/Service%20Worker/CacheStorage/379f1cbab5b08b6fc9e08681e42d8be311441c88/b91fd84a-46e4-4763-950c-febc004b3958} finished
2024/07/31 23:08:12 walker.go:242: walking of {file:///home/loganmancuso/Documents/Backups/os-init/secrets/programs/vivaldi/Default/Service%20Worker/CacheStorage/379f1cbab5b08b6fc9e08681e42d8be311441c88} finished
2024/07/31 23:08:12 walker.go:242: walking of {file:///home/loganmancuso/Documents/Backups/os-init/secrets/programs/vivaldi/Default/Service%20Worker/CacheStorage/579544fd7d0441717f082c9eb123588966aa57ac/26541776-9b95-4e84-ae99-bfc721a7dee6/index-dir} finished
2024/07/31 23:08:12 walker.go:242: walking of {file:///home/loganmancuso/Documents/Backups/os-init/secrets/programs/vivaldi/Default/Service%20Worker/CacheStorage/579544fd7d0441717f082c9eb123588966aa57ac/26541776-9b95-4e84-ae99-bfc721a7dee6} finished
2024/07/31 23:08:12 walker.go:242: walking of {file:///home/loganmancuso/Documents/Backups/os-init/secrets/programs/vivaldi/Default/Service%20Worker/CacheStorage/579544fd7d0441717f082c9eb123588966aa57ac/68146a53-ba3a-4243-8c41-5de4cd5bf96d/index-dir} finished
2024/07/31 23:08:12 walker.go:242: walking of {file:///home/loganmancuso/Documents/Backups/os-init/secrets/programs/vivaldi/Default/Service%20Worker/CacheStorage/579544fd7d0441717f082c9eb123588966aa57ac/68146a53-ba3a-4243-8c41-5de4cd5bf96d} finished
2024/07/31 23:08:12 walker.go:242: walking of {file:///home/loganmancuso/Documents/Backups/os-init/secrets/programs/vivaldi/Default/Service%20Worker/CacheStorage/579544fd7d0441717f082c9eb123588966aa57ac/db363aff-6366-445a-bc57-162473e85b36/index-dir} finished
2024/07/31 23:08:12 walker.go:242: walking of {file:///home/loganmancuso/Documents/Backups/os-init/secrets/programs/vivaldi/Default/Service%20Worker/CacheStorage/579544fd7d0441717f082c9eb123588966aa57ac/db363aff-6366-445a-bc57-162473e85b36} finished
2024/07/31 23:08:12 walker.go:242: walking of {file:///home/loganmancuso/Documents/Backups/os-init/secrets/programs/vivaldi/Default/Service%20Worker/CacheStorage/579544fd7d0441717f082c9eb123588966aa57ac/f66d6968-ea9f-4aa1-81d1-766af7ffa38c/index-dir} finished
2024/07/31 23:08:12 walker.go:242: walking of {file:///home/loganmancuso/Documents/Backups/os-init/secrets/programs/vivaldi/Default/Service%20Worker/CacheStorage/579544fd7d0441717f082c9eb123588966aa57ac/f66d6968-ea9f-4aa1-81d1-766af7ffa38c} finished
2024/07/31 23:08:12 walker.go:242: walking of {file:///home/loganmancuso/Documents/Backups/os-init/secrets/programs/vivaldi/Default/Service%20Worker/CacheStorage/579544fd7d0441717f082c9eb123588966aa57ac} finished
2024/07/31 23:08:12 walker.go:242: walking of {file:///home/loganmancuso/Documents/Backups/os-init/secrets/programs/vivaldi/Default/Service%20Worker/CacheStorage/b48a40200d6f0bdefe44c3bc244b571b429352cc/f7da146f-5351-49a7-a77d-044472b7fd0a/index-dir} finished
2024/07/31 23:08:12 walker.go:242: walking of {file:///home/loganmancuso/Documents/Backups/os-init/secrets/programs/vivaldi/Default/Service%20Worker/CacheStorage/b48a40200d6f0bdefe44c3bc244b571b429352cc/f7da146f-5351-49a7-a77d-044472b7fd0a} finished
2024/07/31 23:08:12 walker.go:242: walking of {file:///home/loganmancuso/Documents/Backups/os-init/secrets/programs/vivaldi/Default/Service%20Worker/CacheStorage/b48a40200d6f0bdefe44c3bc244b571b429352cc} finished
2024/07/31 23:08:12 walker.go:242: walking of {file:///home/loganmancuso/Documents/Backups/os-init/secrets/programs/vivaldi/Default/Service%20Worker/CacheStorage} finished
2024/07/31 23:08:12 walker.go:242: walking of {file:///home/loganmancuso/Documents/Backups/os-init/secrets/programs/vivaldi/Default/Service%20Worker/Database} finished
2024/07/31 23:08:12 walker.go:242: walking of {file:///home/loganmancuso/Documents/Backups/os-init/secrets/programs/vivaldi/Default/Service%20Worker/ScriptCache/index-dir} finished
2024/07/31 23:08:12 walker.go:242: walking of {file:///home/loganmancuso/Documents/Backups/os-init/secrets/programs/vivaldi/Default/Service%20Worker/ScriptCache} finished
2024/07/31 23:08:12 walker.go:242: walking of {file:///home/loganmancuso/Documents/Backups/os-init/secrets/programs/vivaldi/Default/Service%20Worker} finished
2024/07/31 23:08:12 walker.go:242: walking of {file:///home/loganmancuso/Documents/Backups/os-init/secrets/programs/vivaldi/Default/Session%20Storage} finished
2024/07/31 23:08:12 walker.go:242: walking of {file:///home/loganmancuso/Documents/Backups/os-init/secrets/programs/vivaldi/Default/Sessions} finished
2024/07/31 23:08:12 walker.go:242: walking of {file:///home/loganmancuso/Documents/Backups/os-init/secrets/programs/vivaldi/Default/Shared%20Dictionary/cache/index-dir} finished
2024/07/31 23:08:12 walker.go:242: walking of {file:///home/loganmancuso/Documents/Backups/os-init/secrets/programs/vivaldi/Default/Shared%20Dictionary/cache} finished
2024/07/31 23:08:12 walker.go:242: walking of {file:///home/loganmancuso/Documents/Backups/os-init/secrets/programs/vivaldi/Default/Shared%20Dictionary} finished
2024/07/31 23:08:12 walker.go:242: walking of {file:///home/loganmancuso/Documents/Backups/os-init/secrets/programs/vivaldi/Default/Site%20Characteristics%20Database} finished
2024/07/31 23:08:12 walker.go:242: walking of {file:///home/loganmancuso/Documents/Backups/os-init/secrets/programs/vivaldi/Default/Storage/ext/mpognobbkildjkofajifpdfhcoklimli/def/DawnGraphiteCache} finished
2024/07/31 23:08:12 walker.go:242: walking of {file:///home/loganmancuso/Documents/Backups/os-init/secrets/programs/vivaldi/Default/Storage/ext/mpognobbkildjkofajifpdfhcoklimli/def/DawnWebGPUCache} finished
2024/07/31 23:08:12 walker.go:242: walking of {file:///home/loganmancuso/Documents/Backups/os-init/secrets/programs/vivaldi/Default/Storage/ext/mpognobbkildjkofajifpdfhcoklimli/def/GPUCache} finished
2024/07/31 23:08:12 walker.go:242: walking of {file:///home/loganmancuso/Documents/Backups/os-init/secrets/programs/vivaldi/Default/Storage/ext/mpognobbkildjkofajifpdfhcoklimli/def/IndexedDB/chrome-extension_mpognobbkildjkofajifpdfhcoklimli_0.indexeddb.leveldb} finished
2024/07/31 23:08:12 walker.go:242: walking of {file:///home/loganmancuso/Documents/Backups/os-init/secrets/programs/vivaldi/Default/Storage/ext/mpognobbkildjkofajifpdfhcoklimli/def/IndexedDB} finished
2024/07/31 23:08:12 walker.go:242: walking of {file:///home/loganmancuso/Documents/Backups/os-init/secrets/programs/vivaldi/Default/Storage/ext/mpognobbkildjkofajifpdfhcoklimli/def/Local%20Storage/leveldb} finished
2024/07/31 23:08:12 walker.go:242: walking of {file:///home/loganmancuso/Documents/Backups/os-init/secrets/programs/vivaldi/Default/Storage/ext/mpognobbkildjkofajifpdfhcoklimli/def/Local%20Storage} finished
2024/07/31 23:08:12 walker.go:242: walking of {file:///home/loganmancuso/Documents/Backups/os-init/secrets/programs/vivaldi/Default/Storage/ext/mpognobbkildjkofajifpdfhcoklimli/def/Platform%20Notifications} finished
2024/07/31 23:08:12 walker.go:242: walking of {file:///home/loganmancuso/Documents/Backups/os-init/secrets/programs/vivaldi/Default/Storage/ext/mpognobbkildjkofajifpdfhcoklimli/def/Service%20Worker/Database} finished
2024/07/31 23:08:12 walker.go:242: walking of {file:///home/loganmancuso/Documents/Backups/os-init/secrets/programs/vivaldi/Default/Storage/ext/mpognobbkildjkofajifpdfhcoklimli/def/Service%20Worker/ScriptCache/index-dir} finished
2024/07/31 23:08:12 walker.go:242: walking of {file:///home/loganmancuso/Documents/Backups/os-init/secrets/programs/vivaldi/Default/Storage/ext/mpognobbkildjkofajifpdfhcoklimli/def/Service%20Worker/ScriptCache} finished
2024/07/31 23:08:12 walker.go:242: walking of {file:///home/loganmancuso/Documents/Backups/os-init/secrets/programs/vivaldi/Default/Storage/ext/mpognobbkildjkofajifpdfhcoklimli/def/Service%20Worker} finished
2024/07/31 23:08:12 walker.go:242: walking of {file:///home/loganmancuso/Documents/Backups/os-init/secrets/programs/vivaldi/Default/Storage/ext/mpognobbkildjkofajifpdfhcoklimli/def/Session%20Storage} finished
2024/07/31 23:08:12 walker.go:242: walking of {file:///home/loganmancuso/Documents/Backups/os-init/secrets/programs/vivaldi/Default/Storage/ext/mpognobbkildjkofajifpdfhcoklimli/def/Shared%20Dictionary/cache/index-dir} finished
2024/07/31 23:08:12 walker.go:242: walking of {file:///home/loganmancuso/Documents/Backups/os-init/secrets/programs/vivaldi/Default/Storage/ext/mpognobbkildjkofajifpdfhcoklimli/def/Shared%20Dictionary/cache} finished
2024/07/31 23:08:12 walker.go:242: walking of {file:///home/loganmancuso/Documents/Backups/os-init/secrets/programs/vivaldi/Default/Storage/ext/mpognobbkildjkofajifpdfhcoklimli/def/Shared%20Dictionary} finished
2024/07/31 23:08:12 walker.go:242: walking of {file:///home/loganmancuso/Documents/Backups/os-init/secrets/programs/vivaldi/Default/Storage/ext/mpognobbkildjkofajifpdfhcoklimli/def/WebStorage} finished
2024/07/31 23:08:12 walker.go:242: walking of {file:///home/loganmancuso/Documents/Backups/os-init/secrets/programs/vivaldi/Default/Storage/ext/mpognobbkildjkofajifpdfhcoklimli/def} finished
2024/07/31 23:08:12 walker.go:242: walking of {file:///home/loganmancuso/Documents/Backups/os-init/secrets/programs/vivaldi/Default/Storage/ext/mpognobbkildjkofajifpdfhcoklimli} finished
2024/07/31 23:08:12 walker.go:242: walking of {file:///home/loganmancuso/Documents/Backups/os-init/secrets/programs/vivaldi/Default/Storage/ext} finished
2024/07/31 23:08:12 walker.go:242: walking of {file:///home/loganmancuso/Documents/Backups/os-init/secrets/programs/vivaldi/Default/Storage} finished
2024/07/31 23:08:12 walker.go:242: walking of {file:///home/loganmancuso/Documents/Backups/os-init/secrets/programs/vivaldi/Default/Sync%20Data/LevelDB} finished
2024/07/31 23:08:12 walker.go:242: walking of {file:///home/loganmancuso/Documents/Backups/os-init/secrets/programs/vivaldi/Default/Sync%20Data} finished
2024/07/31 23:08:12 walker.go:242: walking of {file:///home/loganmancuso/Documents/Backups/os-init/secrets/programs/vivaldi/Default/SyncedFiles} finished
2024/07/31 23:08:12 walker.go:242: walking of {file:///home/loganmancuso/Documents/Backups/os-init/secrets/programs/vivaldi/Default/VideoDecodeStats} finished
2024/07/31 23:08:12 walker.go:242: walking of {file:///home/loganmancuso/Documents/Backups/os-init/secrets/programs/vivaldi/Default/VivaldiDirectMatchIcons} finished
2024/07/31 23:08:12 walker.go:242: walking of {file:///home/loganmancuso/Documents/Backups/os-init/secrets/programs/vivaldi/Default/VivaldiThumbnails} finished
2024/07/31 23:08:12 walker.go:242: walking of {file:///home/loganmancuso/Documents/Backups/os-init/secrets/programs/vivaldi/Default/WebStorage/1/CacheStorage} finished
2024/07/31 23:08:12 walker.go:242: walking of {file:///home/loganmancuso/Documents/Backups/os-init/secrets/programs/vivaldi/Default/WebStorage/1/IndexedDB/indexeddb.leveldb} finished
2024/07/31 23:08:12 walker.go:242: walking of {file:///home/loganmancuso/Documents/Backups/os-init/secrets/programs/vivaldi/Default/WebStorage/1/IndexedDB} finished
2024/07/31 23:08:12 walker.go:242: walking of {file:///home/loganmancuso/Documents/Backups/os-init/secrets/programs/vivaldi/Default/WebStorage/1} finished
2024/07/31 23:08:12 walker.go:242: walking of {file:///home/loganmancuso/Documents/Backups/os-init/secrets/programs/vivaldi/Default/WebStorage/12/IndexedDB/indexeddb.leveldb} finished
2024/07/31 23:08:12 walker.go:242: walking of {file:///home/loganmancuso/Documents/Backups/os-init/secrets/programs/vivaldi/Default/WebStorage/12/IndexedDB} finished
2024/07/31 23:08:12 walker.go:242: walking of {file:///home/loganmancuso/Documents/Backups/os-init/secrets/programs/vivaldi/Default/WebStorage/12} finished
2024/07/31 23:08:12 walker.go:242: walking of {file:///home/loganmancuso/Documents/Backups/os-init/secrets/programs/vivaldi/Default/WebStorage/14/CacheStorage} finished
2024/07/31 23:08:12 walker.go:242: walking of {file:///home/loganmancuso/Documents/Backups/os-init/secrets/programs/vivaldi/Default/WebStorage/14/IndexedDB/indexeddb.leveldb} finished
2024/07/31 23:08:12 walker.go:242: walking of {file:///home/loganmancuso/Documents/Backups/os-init/secrets/programs/vivaldi/Default/WebStorage/14/IndexedDB} finished
2024/07/31 23:08:12 walker.go:242: walking of {file:///home/loganmancuso/Documents/Backups/os-init/secrets/programs/vivaldi/Default/WebStorage/14} finished
2024/07/31 23:08:12 walker.go:242: walking of {file:///home/loganmancuso/Documents/Backups/os-init/secrets/programs/vivaldi/Default/WebStorage} finished
2024/07/31 23:08:12 walker.go:242: walking of {file:///home/loganmancuso/Documents/Backups/os-init/secrets/programs/vivaldi/Default/blob_storage/af901cc0-4e7b-4a30-a737-ffcc51b375a5} finished
2024/07/31 23:08:12 walker.go:242: walking of {file:///home/loganmancuso/Documents/Backups/os-init/secrets/programs/vivaldi/Default/blob_storage} finished
2024/07/31 23:08:12 walker.go:242: walking of {file:///home/loganmancuso/Documents/Backups/os-init/secrets/programs/vivaldi/Default/chrome_cart_db} finished
2024/07/31 23:08:12 walker.go:242: walking of {file:///home/loganmancuso/Documents/Backups/os-init/secrets/programs/vivaldi/Default/commerce_subscription_db} finished
2024/07/31 23:08:12 walker.go:242: walking of {file:///home/loganmancuso/Documents/Backups/os-init/secrets/programs/vivaldi/Default/coupon_db} finished
2024/07/31 23:08:12 walker.go:242: walking of {file:///home/loganmancuso/Documents/Backups/os-init/secrets/programs/vivaldi/Default/discounts_db} finished
2024/07/31 23:08:12 walker.go:242: walking of {file:///home/loganmancuso/Documents/Backups/os-init/secrets/programs/vivaldi/Default/feedv2/streamdb} finished
2024/07/31 23:08:12 walker.go:242: walking of {file:///home/loganmancuso/Documents/Backups/os-init/secrets/programs/vivaldi/Default/feedv2} finished
2024/07/31 23:08:12 walker.go:242: walking of {file:///home/loganmancuso/Documents/Backups/os-init/secrets/programs/vivaldi/Default/parcel_tracking_db} finished
2024/07/31 23:08:12 walker.go:242: walking of {file:///home/loganmancuso/Documents/Backups/os-init/secrets/programs/vivaldi/Default/shared_proto_db/metadata} finished
2024/07/31 23:08:12 walker.go:242: walking of {file:///home/loganmancuso/Documents/Backups/os-init/secrets/programs/vivaldi/Default/shared_proto_db} finished
2024/07/31 23:08:12 walker.go:242: walking of {file:///home/loganmancuso/Documents/Backups/os-init/secrets/programs/vivaldi/Default} finished
2024/07/31 23:08:12 walker.go:242: walking of {file:///home/loganmancuso/Documents/Backups/os-init/secrets/programs/vivaldi/Dictionaries} finished
2024/07/31 23:08:12 walker.go:242: walking of {file:///home/loganmancuso/Documents/Backups/os-init/secrets/programs/vivaldi/FileTypePolicies/66/_metadata} finished
2024/07/31 23:08:12 walker.go:242: walking of {file:///home/loganmancuso/Documents/Backups/os-init/secrets/programs/vivaldi/FileTypePolicies/66} finished
2024/07/31 23:08:12 walker.go:242: walking of {file:///home/loganmancuso/Documents/Backups/os-init/secrets/programs/vivaldi/FileTypePolicies} finished
2024/07/31 23:08:12 walker.go:242: walking of {file:///home/loganmancuso/Documents/Backups/os-init/secrets/programs/vivaldi/FirstPartySetsPreloaded/2024.6.26.0/_metadata} finished
2024/07/31 23:08:12 walker.go:242: walking of {file:///home/loganmancuso/Documents/Backups/os-init/secrets/programs/vivaldi/FirstPartySetsPreloaded/2024.6.26.0} finished
2024/07/31 23:08:12 walker.go:242: walking of {file:///home/loganmancuso/Documents/Backups/os-init/secrets/programs/vivaldi/FirstPartySetsPreloaded} finished
2024/07/31 23:08:12 walker.go:242: walking of {file:///home/loganmancuso/Documents/Backups/os-init/secrets/programs/vivaldi/GrShaderCache} finished
2024/07/31 23:08:12 walker.go:242: walking of {file:///home/loganmancuso/Documents/Backups/os-init/secrets/programs/vivaldi/GraphiteDawnCache} finished
2024/07/31 23:08:12 walker.go:242: walking of {file:///home/loganmancuso/Documents/Backups/os-init/secrets/programs/vivaldi/Guest%20Profile/AdBlockRules/AdBlocking} finished
2024/07/31 23:08:12 walker.go:242: walking of {file:///home/loganmancuso/Documents/Backups/os-init/secrets/programs/vivaldi/Guest%20Profile/AdBlockRules/TrackerBlocking} finished
2024/07/31 23:08:12 walker.go:242: walking of {file:///home/loganmancuso/Documents/Backups/os-init/secrets/programs/vivaldi/Guest%20Profile/AdBlockRules} finished
2024/07/31 23:08:12 walker.go:242: walking of {file:///home/loganmancuso/Documents/Backups/os-init/secrets/programs/vivaldi/Guest%20Profile/AutofillStrikeDatabase} finished
2024/07/31 23:08:12 walker.go:242: walking of {file:///home/loganmancuso/Documents/Backups/os-init/secrets/programs/vivaldi/Guest%20Profile/BudgetDatabase} finished
2024/07/31 23:08:12 walker.go:242: walking of {file:///home/loganmancuso/Documents/Backups/os-init/secrets/programs/vivaldi/Guest%20Profile/DawnGraphiteCache} finished
2024/07/31 23:08:12 walker.go:242: walking of {file:///home/loganmancuso/Documents/Backups/os-init/secrets/programs/vivaldi/Guest%20Profile/DawnWebGPUCache} finished
2024/07/31 23:08:12 walker.go:242: walking of {file:///home/loganmancuso/Documents/Backups/os-init/secrets/programs/vivaldi/Guest%20Profile/Extension%20Rules} finished
2024/07/31 23:08:12 walker.go:242: walking of {file:///home/loganmancuso/Documents/Backups/os-init/secrets/programs/vivaldi/Guest%20Profile/Extension%20Scripts} finished
2024/07/31 23:08:12 walker.go:242: walking of {file:///home/loganmancuso/Documents/Backups/os-init/secrets/programs/vivaldi/Guest%20Profile/Extension%20State} finished
2024/07/31 23:08:12 walker.go:242: walking of {file:///home/loganmancuso/Documents/Backups/os-init/secrets/programs/vivaldi/Guest%20Profile/Feature%20Engagement%20Tracker/AvailabilityDB} finished
2024/07/31 23:08:12 walker.go:242: walking of {file:///home/loganmancuso/Documents/Backups/os-init/secrets/programs/vivaldi/Guest%20Profile/Feature%20Engagement%20Tracker/EventDB} finished
2024/07/31 23:08:12 walker.go:242: walking of {file:///home/loganmancuso/Documents/Backups/os-init/secrets/programs/vivaldi/Guest%20Profile/Feature%20Engagement%20Tracker} finished
2024/07/31 23:08:12 walker.go:242: walking of {file:///home/loganmancuso/Documents/Backups/os-init/secrets/programs/vivaldi/Guest%20Profile/GPUCache} finished
2024/07/31 23:08:12 walker.go:242: walking of {file:///home/loganmancuso/Documents/Backups/os-init/secrets/programs/vivaldi/Guest%20Profile/Local%20App%20Settings/mpognobbkildjkofajifpdfhcoklimli} finished
2024/07/31 23:08:12 walker.go:242: walking of {file:///home/loganmancuso/Documents/Backups/os-init/secrets/programs/vivaldi/Guest%20Profile/Local%20App%20Settings} finished
2024/07/31 23:08:12 walker.go:242: walking of {file:///home/loganmancuso/Documents/Backups/os-init/secrets/programs/vivaldi/Guest%20Profile/Local%20Storage/leveldb} finished
2024/07/31 23:08:12 walker.go:242: walking of {file:///home/loganmancuso/Documents/Backups/os-init/secrets/programs/vivaldi/Guest%20Profile/Local%20Storage} finished
2024/07/31 23:08:12 walker.go:242: walking of {file:///home/loganmancuso/Documents/Backups/os-init/secrets/programs/vivaldi/Guest%20Profile/Sessions} finished
2024/07/31 23:08:12 walker.go:242: walking of {file:///home/loganmancuso/Documents/Backups/os-init/secrets/programs/vivaldi/Guest%20Profile/Shared%20Dictionary/cache/index-dir} finished
2024/07/31 23:08:12 walker.go:242: walking of {file:///home/loganmancuso/Documents/Backups/os-init/secrets/programs/vivaldi/Guest%20Profile/Shared%20Dictionary/cache} finished
2024/07/31 23:08:12 walker.go:242: walking of {file:///home/loganmancuso/Documents/Backups/os-init/secrets/programs/vivaldi/Guest%20Profile/Shared%20Dictionary} finished
2024/07/31 23:08:12 walker.go:242: walking of {file:///home/loganmancuso/Documents/Backups/os-init/secrets/programs/vivaldi/Guest%20Profile/Site%20Characteristics%20Database} finished
2024/07/31 23:08:12 walker.go:242: walking of {file:///home/loganmancuso/Documents/Backups/os-init/secrets/programs/vivaldi/Guest%20Profile/Storage/ext/mpognobbkildjkofajifpdfhcoklimli/def/DawnGraphiteCache} finished
2024/07/31 23:08:12 walker.go:242: walking of {file:///home/loganmancuso/Documents/Backups/os-init/secrets/programs/vivaldi/Guest%20Profile/Storage/ext/mpognobbkildjkofajifpdfhcoklimli/def/DawnWebGPUCache} finished
2024/07/31 23:08:12 walker.go:242: walking of {file:///home/loganmancuso/Documents/Backups/os-init/secrets/programs/vivaldi/Guest%20Profile/Storage/ext/mpognobbkildjkofajifpdfhcoklimli/def/GPUCache} finished
2024/07/31 23:08:12 walker.go:242: walking of {file:///home/loganmancuso/Documents/Backups/os-init/secrets/programs/vivaldi/Guest%20Profile/Storage/ext/mpognobbkildjkofajifpdfhcoklimli/def/IndexedDB/chrome-extension_mpognobbkildjkofajifpdfhcoklimli_0.indexeddb.leveldb} finished
2024/07/31 23:08:12 walker.go:242: walking of {file:///home/loganmancuso/Documents/Backups/os-init/secrets/programs/vivaldi/Guest%20Profile/Storage/ext/mpognobbkildjkofajifpdfhcoklimli/def/IndexedDB} finished
2024/07/31 23:08:12 walker.go:242: walking of {file:///home/loganmancuso/Documents/Backups/os-init/secrets/programs/vivaldi/Guest%20Profile/Storage/ext/mpognobbkildjkofajifpdfhcoklimli/def/Local%20Storage/leveldb} finished
2024/07/31 23:08:12 walker.go:242: walking of {file:///home/loganmancuso/Documents/Backups/os-init/secrets/programs/vivaldi/Guest%20Profile/Storage/ext/mpognobbkildjkofajifpdfhcoklimli/def/Local%20Storage} finished
2024/07/31 23:08:12 walker.go:242: walking of {file:///home/loganmancuso/Documents/Backups/os-init/secrets/programs/vivaldi/Guest%20Profile/Storage/ext/mpognobbkildjkofajifpdfhcoklimli/def/Service%20Worker/Database} finished
2024/07/31 23:08:12 walker.go:242: walking of {file:///home/loganmancuso/Documents/Backups/os-init/secrets/programs/vivaldi/Guest%20Profile/Storage/ext/mpognobbkildjkofajifpdfhcoklimli/def/Service%20Worker/ScriptCache/index-dir} finished
2024/07/31 23:08:12 walker.go:242: walking of {file:///home/loganmancuso/Documents/Backups/os-init/secrets/programs/vivaldi/Guest%20Profile/Storage/ext/mpognobbkildjkofajifpdfhcoklimli/def/Service%20Worker/ScriptCache} finished
2024/07/31 23:08:12 walker.go:242: walking of {file:///home/loganmancuso/Documents/Backups/os-init/secrets/programs/vivaldi/Guest%20Profile/Storage/ext/mpognobbkildjkofajifpdfhcoklimli/def/Service%20Worker} finished
2024/07/31 23:08:12 walker.go:242: walking of {file:///home/loganmancuso/Documents/Backups/os-init/secrets/programs/vivaldi/Guest%20Profile/Storage/ext/mpognobbkildjkofajifpdfhcoklimli/def/Session%20Storage} finished
2024/07/31 23:08:12 walker.go:242: walking of {file:///home/loganmancuso/Documents/Backups/os-init/secrets/programs/vivaldi/Guest%20Profile/Storage/ext/mpognobbkildjkofajifpdfhcoklimli/def/Shared%20Dictionary/cache/index-dir} finished
2024/07/31 23:08:12 walker.go:242: walking of {file:///home/loganmancuso/Documents/Backups/os-init/secrets/programs/vivaldi/Guest%20Profile/Storage/ext/mpognobbkildjkofajifpdfhcoklimli/def/Shared%20Dictionary/cache} finished
2024/07/31 23:08:12 walker.go:242: walking of {file:///home/loganmancuso/Documents/Backups/os-init/secrets/programs/vivaldi/Guest%20Profile/Storage/ext/mpognobbkildjkofajifpdfhcoklimli/def/Shared%20Dictionary} finished
2024/07/31 23:08:12 walker.go:242: walking of {file:///home/loganmancuso/Documents/Backups/os-init/secrets/programs/vivaldi/Guest%20Profile/Storage/ext/mpognobbkildjkofajifpdfhcoklimli/def/WebStorage} finished
2024/07/31 23:08:12 walker.go:242: walking of {file:///home/loganmancuso/Documents/Backups/os-init/secrets/programs/vivaldi/Guest%20Profile/Storage/ext/mpognobbkildjkofajifpdfhcoklimli/def} finished
2024/07/31 23:08:12 walker.go:242: walking of {file:///home/loganmancuso/Documents/Backups/os-init/secrets/programs/vivaldi/Guest%20Profile/Storage/ext/mpognobbkildjkofajifpdfhcoklimli} finished
2024/07/31 23:08:12 walker.go:242: walking of {file:///home/loganmancuso/Documents/Backups/os-init/secrets/programs/vivaldi/Guest%20Profile/Storage/ext} finished
2024/07/31 23:08:12 walker.go:242: walking of {file:///home/loganmancuso/Documents/Backups/os-init/secrets/programs/vivaldi/Guest%20Profile/Storage} finished
2024/07/31 23:08:12 walker.go:242: walking of {file:///home/loganmancuso/Documents/Backups/os-init/secrets/programs/vivaldi/Guest%20Profile/Sync%20Data/LevelDB} finished
2024/07/31 23:08:12 walker.go:242: walking of {file:///home/loganmancuso/Documents/Backups/os-init/secrets/programs/vivaldi/Guest%20Profile/Sync%20Data} finished
2024/07/31 23:08:12 walker.go:242: walking of {file:///home/loganmancuso/Documents/Backups/os-init/secrets/programs/vivaldi/Guest%20Profile/SyncedFiles} finished
2024/07/31 23:08:12 walker.go:242: walking of {file:///home/loganmancuso/Documents/Backups/os-init/secrets/programs/vivaldi/Guest%20Profile/VivaldiDirectMatchIcons} finished
2024/07/31 23:08:12 walker.go:242: walking of {file:///home/loganmancuso/Documents/Backups/os-init/secrets/programs/vivaldi/Guest%20Profile/blob_storage/71df822b-fdad-4a9a-8b2e-fec62f0b7fd8} finished
2024/07/31 23:08:12 walker.go:242: walking of {file:///home/loganmancuso/Documents/Backups/os-init/secrets/programs/vivaldi/Guest%20Profile/blob_storage} finished
2024/07/31 23:08:12 walker.go:242: walking of {file:///home/loganmancuso/Documents/Backups/os-init/secrets/programs/vivaldi/Guest%20Profile/commerce_subscription_db} finished
2024/07/31 23:08:12 walker.go:242: walking of {file:///home/loganmancuso/Documents/Backups/os-init/secrets/programs/vivaldi/Guest%20Profile/discounts_db} finished
2024/07/31 23:08:12 walker.go:242: walking of {file:///home/loganmancuso/Documents/Backups/os-init/secrets/programs/vivaldi/Guest%20Profile/parcel_tracking_db} finished
2024/07/31 23:08:12 walker.go:242: walking of {file:///home/loganmancuso/Documents/Backups/os-init/secrets/programs/vivaldi/Guest%20Profile/shared_proto_db/metadata} finished
2024/07/31 23:08:12 walker.go:242: walking of {file:///home/loganmancuso/Documents/Backups/os-init/secrets/programs/vivaldi/Guest%20Profile/shared_proto_db} finished
2024/07/31 23:08:12 walker.go:242: walking of {file:///home/loganmancuso/Documents/Backups/os-init/secrets/programs/vivaldi/Guest%20Profile} finished
2024/07/31 23:08:12 walker.go:242: walking of {file:///home/loganmancuso/Documents/Backups/os-init/secrets/programs/vivaldi/Local%20Traces} finished
2024/07/31 23:08:12 walker.go:242: walking of {file:///home/loganmancuso/Documents/Backups/os-init/secrets/programs/vivaldi/MEIPreload} finished
2024/07/31 23:08:12 walker.go:242: walking of {file:///home/loganmancuso/Documents/Backups/os-init/secrets/programs/vivaldi/NativeMessagingHosts} finished
2024/07/31 23:08:12 walker.go:242: walking of {file:///home/loganmancuso/Documents/Backups/os-init/secrets/programs/vivaldi/OnDeviceHeadSuggestModel/20240628.648210897.14/_metadata} finished
2024/07/31 23:08:12 walker.go:242: walking of {file:///home/loganmancuso/Documents/Backups/os-init/secrets/programs/vivaldi/OnDeviceHeadSuggestModel/20240628.648210897.14} finished
2024/07/31 23:08:12 walker.go:242: walking of {file:///home/loganmancuso/Documents/Backups/os-init/secrets/programs/vivaldi/OnDeviceHeadSuggestModel} finished
2024/07/31 23:08:12 walker.go:242: walking of {file:///home/loganmancuso/Documents/Backups/os-init/secrets/programs/vivaldi/OriginTrials/1.0.0.16/_metadata} finished
2024/07/31 23:08:12 walker.go:242: walking of {file:///home/loganmancuso/Documents/Backups/os-init/secrets/programs/vivaldi/OriginTrials/1.0.0.16} finished
2024/07/31 23:08:12 walker.go:242: walking of {file:///home/loganmancuso/Documents/Backups/os-init/secrets/programs/vivaldi/OriginTrials} finished
2024/07/31 23:08:12 walker.go:242: walking of {file:///home/loganmancuso/Documents/Backups/os-init/secrets/programs/vivaldi/PKIMetadata/1014/_metadata} finished
2024/07/31 23:08:12 walker.go:242: walking of {file:///home/loganmancuso/Documents/Backups/os-init/secrets/programs/vivaldi/PKIMetadata/1014} finished
2024/07/31 23:08:12 walker.go:242: walking of {file:///home/loganmancuso/Documents/Backups/os-init/secrets/programs/vivaldi/PKIMetadata} finished
2024/07/31 23:08:12 walker.go:242: walking of {file:///home/loganmancuso/Documents/Backups/os-init/secrets/programs/vivaldi/SSLErrorAssistant/7/_metadata} finished
2024/07/31 23:08:12 walker.go:242: walking of {file:///home/loganmancuso/Documents/Backups/os-init/secrets/programs/vivaldi/SSLErrorAssistant/7} finished
2024/07/31 23:08:12 walker.go:242: walking of {file:///home/loganmancuso/Documents/Backups/os-init/secrets/programs/vivaldi/SSLErrorAssistant} finished
2024/07/31 23:08:12 walker.go:242: walking of {file:///home/loganmancuso/Documents/Backups/os-init/secrets/programs/vivaldi/Safe%20Browsing} finished
2024/07/31 23:08:12 walker.go:242: walking of {file:///home/loganmancuso/Documents/Backups/os-init/secrets/programs/vivaldi/SafetyTips/3034/_metadata} finished
2024/07/31 23:08:12 walker.go:242: walking of {file:///home/loganmancuso/Documents/Backups/os-init/secrets/programs/vivaldi/SafetyTips/3034} finished
2024/07/31 23:08:12 walker.go:242: walking of {file:///home/loganmancuso/Documents/Backups/os-init/secrets/programs/vivaldi/SafetyTips} finished
2024/07/31 23:08:12 walker.go:242: walking of {file:///home/loganmancuso/Documents/Backups/os-init/secrets/programs/vivaldi/ShaderCache} finished
2024/07/31 23:08:12 walker.go:242: walking of {file:///home/loganmancuso/Documents/Backups/os-init/secrets/programs/vivaldi/Subresource%20Filter/Indexed%20Rules/36/9.49.1} finished
2024/07/31 23:08:12 walker.go:242: walking of {file:///home/loganmancuso/Documents/Backups/os-init/secrets/programs/vivaldi/Subresource%20Filter/Indexed%20Rules/36} finished
2024/07/31 23:08:12 walker.go:242: walking of {file:///home/loganmancuso/Documents/Backups/os-init/secrets/programs/vivaldi/Subresource%20Filter/Indexed%20Rules} finished
2024/07/31 23:08:12 walker.go:242: walking of {file:///home/loganmancuso/Documents/Backups/os-init/secrets/programs/vivaldi/Subresource%20Filter/Unindexed%20Rules/9.49.1/_metadata} finished
2024/07/31 23:08:12 walker.go:242: walking of {file:///home/loganmancuso/Documents/Backups/os-init/secrets/programs/vivaldi/Subresource%20Filter/Unindexed%20Rules/9.49.1} finished
2024/07/31 23:08:12 walker.go:242: walking of {file:///home/loganmancuso/Documents/Backups/os-init/secrets/programs/vivaldi/Subresource%20Filter/Unindexed%20Rules} finished
2024/07/31 23:08:12 walker.go:242: walking of {file:///home/loganmancuso/Documents/Backups/os-init/secrets/programs/vivaldi/Subresource%20Filter} finished
2024/07/31 23:08:12 walker.go:242: walking of {file:///home/loganmancuso/Documents/Backups/os-init/secrets/programs/vivaldi/System%20Profile/AdBlockRules/AdBlocking} finished
2024/07/31 23:08:12 walker.go:242: walking of {file:///home/loganmancuso/Documents/Backups/os-init/secrets/programs/vivaldi/System%20Profile/AdBlockRules/TrackerBlocking} finished
2024/07/31 23:08:12 walker.go:242: walking of {file:///home/loganmancuso/Documents/Backups/os-init/secrets/programs/vivaldi/System%20Profile/AdBlockRules} finished
2024/07/31 23:08:12 walker.go:242: walking of {file:///home/loganmancuso/Documents/Backups/os-init/secrets/programs/vivaldi/System%20Profile/Local%20Storage/leveldb} finished
2024/07/31 23:08:12 walker.go:242: walking of {file:///home/loganmancuso/Documents/Backups/os-init/secrets/programs/vivaldi/System%20Profile/Local%20Storage} finished
2024/07/31 23:08:12 walker.go:242: walking of {file:///home/loganmancuso/Documents/Backups/os-init/secrets/programs/vivaldi/System%20Profile/Shared%20Dictionary/cache/index-dir} finished
2024/07/31 23:08:12 walker.go:242: walking of {file:///home/loganmancuso/Documents/Backups/os-init/secrets/programs/vivaldi/System%20Profile/Shared%20Dictionary/cache} finished
2024/07/31 23:08:12 walker.go:242: walking of {file:///home/loganmancuso/Documents/Backups/os-init/secrets/programs/vivaldi/System%20Profile/Shared%20Dictionary} finished
2024/07/31 23:08:12 walker.go:242: walking of {file:///home/loganmancuso/Documents/Backups/os-init/secrets/programs/vivaldi/System%20Profile/SyncedFiles} finished
2024/07/31 23:08:12 walker.go:242: walking of {file:///home/loganmancuso/Documents/Backups/os-init/secrets/programs/vivaldi/System%20Profile/blob_storage/65a59c6c-8a65-4ebb-b520-c0142bb9ec0f} finished
2024/07/31 23:08:12 walker.go:242: walking of {file:///home/loganmancuso/Documents/Backups/os-init/secrets/programs/vivaldi/System%20Profile/blob_storage} finished
2024/07/31 23:08:12 walker.go:242: walking of {file:///home/loganmancuso/Documents/Backups/os-init/secrets/programs/vivaldi/System%20Profile} finished
2024/07/31 23:08:12 walker.go:242: walking of {file:///home/loganmancuso/Documents/Backups/os-init/secrets/programs/vivaldi/TpcdMetadata/2024.7.15.1/_metadata} finished
2024/07/31 23:08:12 walker.go:242: walking of {file:///home/loganmancuso/Documents/Backups/os-init/secrets/programs/vivaldi/TpcdMetadata/2024.7.15.1} finished
2024/07/31 23:08:12 walker.go:242: walking of {file:///home/loganmancuso/Documents/Backups/os-init/secrets/programs/vivaldi/TpcdMetadata/2024.7.16.1/_metadata} finished
2024/07/31 23:08:12 walker.go:242: walking of {file:///home/loganmancuso/Documents/Backups/os-init/secrets/programs/vivaldi/TpcdMetadata/2024.7.16.1} finished
2024/07/31 23:08:12 walker.go:242: walking of {file:///home/loganmancuso/Documents/Backups/os-init/secrets/programs/vivaldi/TpcdMetadata} finished
2024/07/31 23:08:12 walker.go:242: walking of {file:///home/loganmancuso/Documents/Backups/os-init/secrets/programs/vivaldi/TrustTokenKeyCommitments/2024.6.30.1/_metadata} finished
2024/07/31 23:08:12 walker.go:242: walking of {file:///home/loganmancuso/Documents/Backups/os-init/secrets/programs/vivaldi/TrustTokenKeyCommitments/2024.6.30.1} finished
2024/07/31 23:08:12 walker.go:242: walking of {file:///home/loganmancuso/Documents/Backups/os-init/secrets/programs/vivaldi/TrustTokenKeyCommitments/2024.7.17.3/_metadata} finished
2024/07/31 23:08:12 walker.go:242: walking of {file:///home/loganmancuso/Documents/Backups/os-init/secrets/programs/vivaldi/TrustTokenKeyCommitments/2024.7.17.3} finished
2024/07/31 23:08:12 walker.go:242: walking of {file:///home/loganmancuso/Documents/Backups/os-init/secrets/programs/vivaldi/TrustTokenKeyCommitments/2024.7.17.4/_metadata} finished
2024/07/31 23:08:12 walker.go:242: walking of {file:///home/loganmancuso/Documents/Backups/os-init/secrets/programs/vivaldi/TrustTokenKeyCommitments/2024.7.17.4} finished
2024/07/31 23:08:12 walker.go:242: walking of {file:///home/loganmancuso/Documents/Backups/os-init/secrets/programs/vivaldi/TrustTokenKeyCommitments} finished
2024/07/31 23:08:12 walker.go:242: walking of {file:///home/loganmancuso/Documents/Backups/os-init/secrets/programs/vivaldi/Webstore%20Downloads} finished
2024/07/31 23:08:12 walker.go:242: walking of {file:///home/loganmancuso/Documents/Backups/os-init/secrets/programs/vivaldi/WidevineCdm/4.10.2710.0/_metadata} finished
2024/07/31 23:08:12 walker.go:242: walking of {file:///home/loganmancuso/Documents/Backups/os-init/secrets/programs/vivaldi/WidevineCdm/4.10.2710.0/_platform_specific/linux_x64} finished
2024/07/31 23:08:12 walker.go:242: walking of {file:///home/loganmancuso/Documents/Backups/os-init/secrets/programs/vivaldi/WidevineCdm/4.10.2710.0/_platform_specific} finished
2024/07/31 23:08:12 walker.go:242: walking of {file:///home/loganmancuso/Documents/Backups/os-init/secrets/programs/vivaldi/WidevineCdm/4.10.2710.0} finished
2024/07/31 23:08:12 walker.go:242: walking of {file:///home/loganmancuso/Documents/Backups/os-init/secrets/programs/vivaldi/WidevineCdm} finished
2024/07/31 23:08:12 walker.go:242: walking of {file:///home/loganmancuso/Documents/Backups/os-init/secrets/programs/vivaldi/ZxcvbnData/3/_metadata} finished
2024/07/31 23:08:12 walker.go:242: walking of {file:///home/loganmancuso/Documents/Backups/os-init/secrets/programs/vivaldi/ZxcvbnData/3} finished
2024/07/31 23:08:12 walker.go:242: walking of {file:///home/loganmancuso/Documents/Backups/os-init/secrets/programs/vivaldi/ZxcvbnData} finished
2024/07/31 23:08:12 walker.go:242: walking of {file:///home/loganmancuso/Documents/Backups/os-init/secrets/programs/vivaldi/component_crx_cache} finished
2024/07/31 23:08:12 walker.go:242: walking of {file:///home/loganmancuso/Documents/Backups/os-init/secrets/programs/vivaldi/hyphen-data/120.0.6050.0/_metadata} finished
2024/07/31 23:08:12 walker.go:242: walking of {file:///home/loganmancuso/Documents/Backups/os-init/secrets/programs/vivaldi/hyphen-data/120.0.6050.0} finished
2024/07/31 23:08:12 walker.go:242: walking of {file:///home/loganmancuso/Documents/Backups/os-init/secrets/programs/vivaldi/hyphen-data} finished
2024/07/31 23:08:12 walker.go:242: walking of {file:///home/loganmancuso/Documents/Backups/os-init/secrets/programs/vivaldi/vivaldi/AutofillStates/2024.7.12.235938/_metadata} finished
2024/07/31 23:08:12 walker.go:242: walking of {file:///home/loganmancuso/Documents/Backups/os-init/secrets/programs/vivaldi/vivaldi/AutofillStates/2024.7.12.235938} finished
2024/07/31 23:08:12 walker.go:242: walking of {file:///home/loganmancuso/Documents/Backups/os-init/secrets/programs/vivaldi/vivaldi/AutofillStates} finished
2024/07/31 23:08:12 walker.go:242: walking of {file:///home/loganmancuso/Documents/Backups/os-init/secrets/programs/vivaldi/vivaldi/CertificateRevocation/8944/_metadata} finished
2024/07/31 23:08:12 walker.go:242: walking of {file:///home/loganmancuso/Documents/Backups/os-init/secrets/programs/vivaldi/vivaldi/CertificateRevocation/8944} finished
2024/07/31 23:08:12 walker.go:242: walking of {file:///home/loganmancuso/Documents/Backups/os-init/secrets/programs/vivaldi/vivaldi/CertificateRevocation/8945/_metadata} finished
2024/07/31 23:08:12 walker.go:242: walking of {file:///home/loganmancuso/Documents/Backups/os-init/secrets/programs/vivaldi/vivaldi/CertificateRevocation/8945} finished
2024/07/31 23:08:12 walker.go:242: walking of {file:///home/loganmancuso/Documents/Backups/os-init/secrets/programs/vivaldi/vivaldi/CertificateRevocation/8972/_metadata} finished
2024/07/31 23:08:12 walker.go:242: walking of {file:///home/loganmancuso/Documents/Backups/os-init/secrets/programs/vivaldi/vivaldi/CertificateRevocation/8972} finished
2024/07/31 23:08:12 walker.go:242: walking of {file:///home/loganmancuso/Documents/Backups/os-init/secrets/programs/vivaldi/vivaldi/CertificateRevocation/8974/_metadata} finished
2024/07/31 23:08:12 walker.go:242: walking of {file:///home/loganmancuso/Documents/Backups/os-init/secrets/programs/vivaldi/vivaldi/CertificateRevocation/8974} finished
2024/07/31 23:08:12 walker.go:242: walking of {file:///home/loganmancuso/Documents/Backups/os-init/secrets/programs/vivaldi/vivaldi/CertificateRevocation/8981/_metadata} finished
2024/07/31 23:08:12 walker.go:242: walking of {file:///home/loganmancuso/Documents/Backups/os-init/secrets/programs/vivaldi/vivaldi/CertificateRevocation/8981} finished
2024/07/31 23:08:12 walker.go:242: walking of {file:///home/loganmancuso/Documents/Backups/os-init/secrets/programs/vivaldi/vivaldi/CertificateRevocation/8983/_metadata} finished
2024/07/31 23:08:12 walker.go:242: walking of {file:///home/loganmancuso/Documents/Backups/os-init/secrets/programs/vivaldi/vivaldi/CertificateRevocation/8983} finished
2024/07/31 23:08:12 walker.go:242: walking of {file:///home/loganmancuso/Documents/Backups/os-init/secrets/programs/vivaldi/vivaldi/CertificateRevocation} finished
2024/07/31 23:08:12 walker.go:242: walking of {file:///home/loganmancuso/Documents/Backups/os-init/secrets/programs/vivaldi/vivaldi/Crash%20Reports/attachments} finished
2024/07/31 23:08:12 walker.go:242: walking of {file:///home/loganmancuso/Documents/Backups/os-init/secrets/programs/vivaldi/vivaldi/Crash%20Reports/completed} finished
2024/07/31 23:08:12 walker.go:242: walking of {file:///home/loganmancuso/Documents/Backups/os-init/secrets/programs/vivaldi/vivaldi/Crash%20Reports/new} finished
2024/07/31 23:08:12 walker.go:242: walking of {file:///home/loganmancuso/Documents/Backups/os-init/secrets/programs/vivaldi/vivaldi/Crash%20Reports/pending} finished
2024/07/31 23:08:12 walker.go:242: walking of {file:///home/loganmancuso/Documents/Backups/os-init/secrets/programs/vivaldi/vivaldi/Crash%20Reports} finished
2024/07/31 23:08:12 walker.go:242: walking of {file:///home/loganmancuso/Documents/Backups/os-init/secrets/programs/vivaldi/vivaldi/Crowd%20Deny/2023.11.29.1201/_metadata} finished
2024/07/31 23:08:12 walker.go:242: walking of {file:///home/loganmancuso/Documents/Backups/os-init/secrets/programs/vivaldi/vivaldi/Crowd%20Deny/2023.11.29.1201} finished
2024/07/31 23:08:12 walker.go:242: walking of {file:///home/loganmancuso/Documents/Backups/os-init/secrets/programs/vivaldi/vivaldi/Crowd%20Deny} finished
2024/07/31 23:08:12 walker.go:242: walking of {file:///home/loganmancuso/Documents/Backups/os-init/secrets/programs/vivaldi/vivaldi/Default/AdBlockRules/AdBlocking} finished
2024/07/31 23:08:12 walker.go:242: walking of {file:///home/loganmancuso/Documents/Backups/os-init/secrets/programs/vivaldi/vivaldi/Default/AdBlockRules/TrackerBlocking} finished
2024/07/31 23:08:12 walker.go:242: walking of {file:///home/loganmancuso/Documents/Backups/os-init/secrets/programs/vivaldi/vivaldi/Default/AdBlockRules} finished
2024/07/31 23:08:12 walker.go:242: walking of {file:///home/loganmancuso/Documents/Backups/os-init/secrets/programs/vivaldi/vivaldi/Default/AutofillStrikeDatabase} finished
2024/07/31 23:08:12 walker.go:242: walking of {file:///home/loganmancuso/Documents/Backups/os-init/secrets/programs/vivaldi/vivaldi/Default/BudgetDatabase} finished
2024/07/31 23:08:12 walker.go:242: walking of {file:///home/loganmancuso/Documents/Backups/os-init/secrets/programs/vivaldi/vivaldi/Default/ClientCertificates} finished
2024/07/31 23:08:12 walker.go:242: walking of {file:///home/loganmancuso/Documents/Backups/os-init/secrets/programs/vivaldi/vivaldi/Default/DawnGraphiteCache} finished
2024/07/31 23:08:12 walker.go:242: walking of {file:///home/loganmancuso/Documents/Backups/os-init/secrets/programs/vivaldi/vivaldi/Default/DawnWebGPUCache} finished
2024/07/31 23:08:12 walker.go:242: walking of {file:///home/loganmancuso/Documents/Backups/os-init/secrets/programs/vivaldi/vivaldi/Default/Extension%20Rules} finished
2024/07/31 23:08:12 walker.go:242: walking of {file:///home/loganmancuso/Documents/Backups/os-init/secrets/programs/vivaldi/vivaldi/Default/Extension%20Scripts} finished
2024/07/31 23:08:12 walker.go:242: walking of {file:///home/loganmancuso/Documents/Backups/os-init/secrets/programs/vivaldi/vivaldi/Default/Extension%20State} finished
2024/07/31 23:08:12 walker.go:242: walking of {file:///home/loganmancuso/Documents/Backups/os-init/secrets/programs/vivaldi/vivaldi/Default/Extensions/nngceckbapebfimnlniiiahkandclblb/2024.6.2_0/_locales/ar} finished
2024/07/31 23:08:12 walker.go:242: walking of {file:///home/loganmancuso/Documents/Backups/os-init/secrets/programs/vivaldi/vivaldi/Default/Extensions/nngceckbapebfimnlniiiahkandclblb/2024.6.2_0/_locales/az} finished
2024/07/31 23:08:12 walker.go:242: walking of {file:///home/loganmancuso/Documents/Backups/os-init/secrets/programs/vivaldi/vivaldi/Default/Extensions/nngceckbapebfimnlniiiahkandclblb/2024.6.2_0/_locales/be} finished
2024/07/31 23:08:12 walker.go:242: walking of {file:///home/loganmancuso/Documents/Backups/os-init/secrets/programs/vivaldi/vivaldi/Default/Extensions/nngceckbapebfimnlniiiahkandclblb/2024.6.2_0/_locales/bg} finished
2024/07/31 23:08:12 walker.go:242: walking of {file:///home/loganmancuso/Documents/Backups/os-init/secrets/programs/vivaldi/vivaldi/Default/Extensions/nngceckbapebfimnlniiiahkandclblb/2024.6.2_0/_locales/bn} finished
2024/07/31 23:08:12 walker.go:242: walking of {file:///home/loganmancuso/Documents/Backups/os-init/secrets/programs/vivaldi/vivaldi/Default/Extensions/nngceckbapebfimnlniiiahkandclblb/2024.6.2_0/_locales/bs} finished
2024/07/31 23:08:12 walker.go:242: walking of {file:///home/loganmancuso/Documents/Backups/os-init/secrets/programs/vivaldi/vivaldi/Default/Extensions/nngceckbapebfimnlniiiahkandclblb/2024.6.2_0/_locales/ca} finished
2024/07/31 23:08:12 walker.go:242: walking of {file:///home/loganmancuso/Documents/Backups/os-init/secrets/programs/vivaldi/vivaldi/Default/Extensions/nngceckbapebfimnlniiiahkandclblb/2024.6.2_0/_locales/cs} finished
2024/07/31 23:08:12 walker.go:242: walking of {file:///home/loganmancuso/Documents/Backups/os-init/secrets/programs/vivaldi/vivaldi/Default/Extensions/nngceckbapebfimnlniiiahkandclblb/2024.6.2_0/_locales/cy} finished
2024/07/31 23:08:12 walker.go:242: walking of {file:///home/loganmancuso/Documents/Backups/os-init/secrets/programs/vivaldi/vivaldi/Default/Extensions/nngceckbapebfimnlniiiahkandclblb/2024.6.2_0/_locales/da} finished
2024/07/31 23:08:12 walker.go:242: walking of {file:///home/loganmancuso/Documents/Backups/os-init/secrets/programs/vivaldi/vivaldi/Default/Extensions/nngceckbapebfimnlniiiahkandclblb/2024.6.2_0/_locales/de} finished
2024/07/31 23:08:12 walker.go:242: walking of {file:///home/loganmancuso/Documents/Backups/os-init/secrets/programs/vivaldi/vivaldi/Default/Extensions/nngceckbapebfimnlniiiahkandclblb/2024.6.2_0/_locales/el} finished
2024/07/31 23:08:12 walker.go:242: walking of {file:///home/loganmancuso/Documents/Backups/os-init/secrets/programs/vivaldi/vivaldi/Default/Extensions/nngceckbapebfimnlniiiahkandclblb/2024.6.2_0/_locales/en} finished
2024/07/31 23:08:12 walker.go:242: walking of {file:///home/loganmancuso/Documents/Backups/os-init/secrets/programs/vivaldi/vivaldi/Default/Extensions/nngceckbapebfimnlniiiahkandclblb/2024.6.2_0/_locales/en_GB} finished
2024/07/31 23:08:12 walker.go:242: walking of {file:///home/loganmancuso/Documents/Backups/os-init/secrets/programs/vivaldi/vivaldi/Default/Extensions/nngceckbapebfimnlniiiahkandclblb/2024.6.2_0/_locales/en_IN} finished
2024/07/31 23:08:12 walker.go:242: walking of {file:///home/loganmancuso/Documents/Backups/os-init/secrets/programs/vivaldi/vivaldi/Default/Extensions/nngceckbapebfimnlniiiahkandclblb/2024.6.2_0/_locales/es} finished
2024/07/31 23:08:12 walker.go:242: walking of {file:///home/loganmancuso/Documents/Backups/os-init/secrets/programs/vivaldi/vivaldi/Default/Extensions/nngceckbapebfimnlniiiahkandclblb/2024.6.2_0/_locales/et} finished
2024/07/31 23:08:12 walker.go:242: walking of {file:///home/loganmancuso/Documents/Backups/os-init/secrets/programs/vivaldi/vivaldi/Default/Extensions/nngceckbapebfimnlniiiahkandclblb/2024.6.2_0/_locales/eu} finished
2024/07/31 23:08:12 walker.go:242: walking of {file:///home/loganmancuso/Documents/Backups/os-init/secrets/programs/vivaldi/vivaldi/Default/Extensions/nngceckbapebfimnlniiiahkandclblb/2024.6.2_0/_locales/fa} finished
2024/07/31 23:08:12 walker.go:242: walking of {file:///home/loganmancuso/Documents/Backups/os-init/secrets/programs/vivaldi/vivaldi/Default/Extensions/nngceckbapebfimnlniiiahkandclblb/2024.6.2_0/_locales/fi} finished
2024/07/31 23:08:12 walker.go:242: walking of {file:///home/loganmancuso/Documents/Backups/os-init/secrets/programs/vivaldi/vivaldi/Default/Extensions/nngceckbapebfimnlniiiahkandclblb/2024.6.2_0/_locales/fil} finished
2024/07/31 23:08:12 walker.go:242: walking of {file:///home/loganmancuso/Documents/Backups/os-init/secrets/programs/vivaldi/vivaldi/Default/Extensions/nngceckbapebfimnlniiiahkandclblb/2024.6.2_0/_locales/fr} finished
2024/07/31 23:08:12 walker.go:242: walking of {file:///home/loganmancuso/Documents/Backups/os-init/secrets/programs/vivaldi/vivaldi/Default/Extensions/nngceckbapebfimnlniiiahkandclblb/2024.6.2_0/_locales/gl} finished
2024/07/31 23:08:12 walker.go:242: walking of {file:///home/loganmancuso/Documents/Backups/os-init/secrets/programs/vivaldi/vivaldi/Default/Extensions/nngceckbapebfimnlniiiahkandclblb/2024.6.2_0/_locales/he} finished
2024/07/31 23:08:12 walker.go:242: walking of {file:///home/loganmancuso/Documents/Backups/os-init/secrets/programs/vivaldi/vivaldi/Default/Extensions/nngceckbapebfimnlniiiahkandclblb/2024.6.2_0/_locales/hi} finished
2024/07/31 23:08:12 walker.go:242: walking of {file:///home/loganmancuso/Documents/Backups/os-init/secrets/programs/vivaldi/vivaldi/Default/Extensions/nngceckbapebfimnlniiiahkandclblb/2024.6.2_0/_locales/hr} finished
2024/07/31 23:08:12 walker.go:242: walking of {file:///home/loganmancuso/Documents/Backups/os-init/secrets/programs/vivaldi/vivaldi/Default/Extensions/nngceckbapebfimnlniiiahkandclblb/2024.6.2_0/_locales/hu} finished
2024/07/31 23:08:12 walker.go:242: walking of {file:///home/loganmancuso/Documents/Backups/os-init/secrets/programs/vivaldi/vivaldi/Default/Extensions/nngceckbapebfimnlniiiahkandclblb/2024.6.2_0/_locales/id} finished
2024/07/31 23:08:12 walker.go:242: walking of {file:///home/loganmancuso/Documents/Backups/os-init/secrets/programs/vivaldi/vivaldi/Default/Extensions/nngceckbapebfimnlniiiahkandclblb/2024.6.2_0/_locales/it} finished
2024/07/31 23:08:12 walker.go:242: walking of {file:///home/loganmancuso/Documents/Backups/os-init/secrets/programs/vivaldi/vivaldi/Default/Extensions/nngceckbapebfimnlniiiahkandclblb/2024.6.2_0/_locales/ja} finished
2024/07/31 23:08:12 walker.go:242: walking of {file:///home/loganmancuso/Documents/Backups/os-init/secrets/programs/vivaldi/vivaldi/Default/Extensions/nngceckbapebfimnlniiiahkandclblb/2024.6.2_0/_locales/ka} finished
2024/07/31 23:08:12 walker.go:242: walking of {file:///home/loganmancuso/Documents/Backups/os-init/secrets/programs/vivaldi/vivaldi/Default/Extensions/nngceckbapebfimnlniiiahkandclblb/2024.6.2_0/_locales/km} finished
2024/07/31 23:08:12 walker.go:242: walking of {file:///home/loganmancuso/Documents/Backups/os-init/secrets/programs/vivaldi/vivaldi/Default/Extensions/nngceckbapebfimnlniiiahkandclblb/2024.6.2_0/_locales/kn} finished
2024/07/31 23:08:12 walker.go:242: walking of {file:///home/loganmancuso/Documents/Backups/os-init/secrets/programs/vivaldi/vivaldi/Default/Extensions/nngceckbapebfimnlniiiahkandclblb/2024.6.2_0/_locales/ko} finished
2024/07/31 23:08:12 walker.go:242: walking of {file:///home/loganmancuso/Documents/Backups/os-init/secrets/programs/vivaldi/vivaldi/Default/Extensions/nngceckbapebfimnlniiiahkandclblb/2024.6.2_0/_locales/lt} finished
2024/07/31 23:08:12 walker.go:242: walking of {file:///home/loganmancuso/Documents/Backups/os-init/secrets/programs/vivaldi/vivaldi/Default/Extensions/nngceckbapebfimnlniiiahkandclblb/2024.6.2_0/_locales/lv} finished
2024/07/31 23:08:12 walker.go:242: walking of {file:///home/loganmancuso/Documents/Backups/os-init/secrets/programs/vivaldi/vivaldi/Default/Extensions/nngceckbapebfimnlniiiahkandclblb/2024.6.2_0/_locales/ml} finished
2024/07/31 23:08:12 walker.go:242: walking of {file:///home/loganmancuso/Documents/Backups/os-init/secrets/programs/vivaldi/vivaldi/Default/Extensions/nngceckbapebfimnlniiiahkandclblb/2024.6.2_0/_locales/mr} finished
2024/07/31 23:08:12 walker.go:242: walking of {file:///home/loganmancuso/Documents/Backups/os-init/secrets/programs/vivaldi/vivaldi/Default/Extensions/nngceckbapebfimnlniiiahkandclblb/2024.6.2_0/_locales/my} finished
2024/07/31 23:08:12 walker.go:242: walking of {file:///home/loganmancuso/Documents/Backups/os-init/secrets/programs/vivaldi/vivaldi/Default/Extensions/nngceckbapebfimnlniiiahkandclblb/2024.6.2_0/_locales/nb} finished
2024/07/31 23:08:12 walker.go:242: walking of {file:///home/loganmancuso/Documents/Backups/os-init/secrets/programs/vivaldi/vivaldi/Default/Extensions/nngceckbapebfimnlniiiahkandclblb/2024.6.2_0/_locales/ne} finished
2024/07/31 23:08:12 walker.go:242: walking of {file:///home/loganmancuso/Documents/Backups/os-init/secrets/programs/vivaldi/vivaldi/Default/Extensions/nngceckbapebfimnlniiiahkandclblb/2024.6.2_0/_locales/nl} finished
2024/07/31 23:08:12 walker.go:242: walking of {file:///home/loganmancuso/Documents/Backups/os-init/secrets/programs/vivaldi/vivaldi/Default/Extensions/nngceckbapebfimnlniiiahkandclblb/2024.6.2_0/_locales/nn} finished
2024/07/31 23:08:12 walker.go:242: walking of {file:///home/loganmancuso/Documents/Backups/os-init/secrets/programs/vivaldi/vivaldi/Default/Extensions/nngceckbapebfimnlniiiahkandclblb/2024.6.2_0/_locales/or} finished
2024/07/31 23:08:12 walker.go:242: walking of {file:///home/loganmancuso/Documents/Backups/os-init/secrets/programs/vivaldi/vivaldi/Default/Extensions/nngceckbapebfimnlniiiahkandclblb/2024.6.2_0/_locales/pl} finished
2024/07/31 23:08:12 walker.go:242: walking of {file:///home/loganmancuso/Documents/Backups/os-init/secrets/programs/vivaldi/vivaldi/Default/Extensions/nngceckbapebfimnlniiiahkandclblb/2024.6.2_0/_locales/pt_BR} finished
2024/07/31 23:08:12 walker.go:242: walking of {file:///home/loganmancuso/Documents/Backups/os-init/secrets/programs/vivaldi/vivaldi/Default/Extensions/nngceckbapebfimnlniiiahkandclblb/2024.6.2_0/_locales/pt_PT} finished
2024/07/31 23:08:12 walker.go:242: walking of {file:///home/loganmancuso/Documents/Backups/os-init/secrets/programs/vivaldi/vivaldi/Default/Extensions/nngceckbapebfimnlniiiahkandclblb/2024.6.2_0/_locales/ro} finished
2024/07/31 23:08:12 walker.go:242: walking of {file:///home/loganmancuso/Documents/Backups/os-init/secrets/programs/vivaldi/vivaldi/Default/Extensions/nngceckbapebfimnlniiiahkandclblb/2024.6.2_0/_locales/ru} finished
2024/07/31 23:08:12 walker.go:242: walking of {file:///home/loganmancuso/Documents/Backups/os-init/secrets/programs/vivaldi/vivaldi/Default/Extensions/nngceckbapebfimnlniiiahkandclblb/2024.6.2_0/_locales/si} finished
2024/07/31 23:08:12 walker.go:242: walking of {file:///home/loganmancuso/Documents/Backups/os-init/secrets/programs/vivaldi/vivaldi/Default/Extensions/nngceckbapebfimnlniiiahkandclblb/2024.6.2_0/_locales/sk} finished
2024/07/31 23:08:12 walker.go:242: walking of {file:///home/loganmancuso/Documents/Backups/os-init/secrets/programs/vivaldi/vivaldi/Default/Extensions/nngceckbapebfimnlniiiahkandclblb/2024.6.2_0/_locales/sl} finished
2024/07/31 23:08:12 walker.go:242: walking of {file:///home/loganmancuso/Documents/Backups/os-init/secrets/programs/vivaldi/vivaldi/Default/Extensions/nngceckbapebfimnlniiiahkandclblb/2024.6.2_0/_locales/sr} finished
2024/07/31 23:08:12 walker.go:242: walking of {file:///home/loganmancuso/Documents/Backups/os-init/secrets/programs/vivaldi/vivaldi/Default/Extensions/nngceckbapebfimnlniiiahkandclblb/2024.6.2_0/_locales/sv} finished
2024/07/31 23:08:12 walker.go:242: walking of {file:///home/loganmancuso/Documents/Backups/os-init/secrets/programs/vivaldi/vivaldi/Default/Extensions/nngceckbapebfimnlniiiahkandclblb/2024.6.2_0/_locales/te} finished
2024/07/31 23:08:12 walker.go:242: walking of {file:///home/loganmancuso/Documents/Backups/os-init/secrets/programs/vivaldi/vivaldi/Default/Extensions/nngceckbapebfimnlniiiahkandclblb/2024.6.2_0/_locales/th} finished
2024/07/31 23:08:12 walker.go:242: walking of {file:///home/loganmancuso/Documents/Backups/os-init/secrets/programs/vivaldi/vivaldi/Default/Extensions/nngceckbapebfimnlniiiahkandclblb/2024.6.2_0/_locales/tr} finished
2024/07/31 23:08:12 walker.go:242: walking of {file:///home/loganmancuso/Documents/Backups/os-init/secrets/programs/vivaldi/vivaldi/Default/Extensions/nngceckbapebfimnlniiiahkandclblb/2024.6.2_0/_locales/uk} finished
2024/07/31 23:08:12 walker.go:242: walking of {file:///home/loganmancuso/Documents/Backups/os-init/secrets/programs/vivaldi/vivaldi/Default/Extensions/nngceckbapebfimnlniiiahkandclblb/2024.6.2_0/_locales/vi} finished
2024/07/31 23:08:12 walker.go:242: walking of {file:///home/loganmancuso/Documents/Backups/os-init/secrets/programs/vivaldi/vivaldi/Default/Extensions/nngceckbapebfimnlniiiahkandclblb/2024.6.2_0/_locales/zh_CN} finished
2024/07/31 23:08:12 walker.go:242: walking of {file:///home/loganmancuso/Documents/Backups/os-init/secrets/programs/vivaldi/vivaldi/Default/Extensions/nngceckbapebfimnlniiiahkandclblb/2024.6.2_0/_locales/zh_TW} finished
2024/07/31 23:08:12 walker.go:242: walking of {file:///home/loganmancuso/Documents/Backups/os-init/secrets/programs/vivaldi/vivaldi/Default/Extensions/nngceckbapebfimnlniiiahkandclblb/2024.6.2_0/_locales} finished
2024/07/31 23:08:12 walker.go:242: walking of {file:///home/loganmancuso/Documents/Backups/os-init/secrets/programs/vivaldi/vivaldi/Default/Extensions/nngceckbapebfimnlniiiahkandclblb/2024.6.2_0/_metadata} finished
2024/07/31 23:08:12 walker.go:242: walking of {file:///home/loganmancuso/Documents/Backups/os-init/secrets/programs/vivaldi/vivaldi/Default/Extensions/nngceckbapebfimnlniiiahkandclblb/2024.6.2_0/content/fido2} finished
2024/07/31 23:08:12 walker.go:242: walking of {file:///home/loganmancuso/Documents/Backups/os-init/secrets/programs/vivaldi/vivaldi/Default/Extensions/nngceckbapebfimnlniiiahkandclblb/2024.6.2_0/content} finished
2024/07/31 23:08:12 walker.go:242: walking of {file:///home/loganmancuso/Documents/Backups/os-init/secrets/programs/vivaldi/vivaldi/Default/Extensions/nngceckbapebfimnlniiiahkandclblb/2024.6.2_0/images} finished
2024/07/31 23:08:12 walker.go:242: walking of {file:///home/loganmancuso/Documents/Backups/os-init/secrets/programs/vivaldi/vivaldi/Default/Extensions/nngceckbapebfimnlniiiahkandclblb/2024.6.2_0/notification} finished
2024/07/31 23:08:12 walker.go:242: walking of {file:///home/loganmancuso/Documents/Backups/os-init/secrets/programs/vivaldi/vivaldi/Default/Extensions/nngceckbapebfimnlniiiahkandclblb/2024.6.2_0/offscreen-document} finished
2024/07/31 23:08:12 walker.go:242: walking of {file:///home/loganmancuso/Documents/Backups/os-init/secrets/programs/vivaldi/vivaldi/Default/Extensions/nngceckbapebfimnlniiiahkandclblb/2024.6.2_0/overlay} finished
2024/07/31 23:08:12 walker.go:242: walking of {file:///home/loganmancuso/Documents/Backups/os-init/secrets/programs/vivaldi/vivaldi/Default/Extensions/nngceckbapebfimnlniiiahkandclblb/2024.6.2_0/popup/fonts} finished
2024/07/31 23:08:12 walker.go:242: walking of {file:///home/loganmancuso/Documents/Backups/os-init/secrets/programs/vivaldi/vivaldi/Default/Extensions/nngceckbapebfimnlniiiahkandclblb/2024.6.2_0/popup/images} finished
2024/07/31 23:08:12 walker.go:242: walking of {file:///home/loganmancuso/Documents/Backups/os-init/secrets/programs/vivaldi/vivaldi/Default/Extensions/nngceckbapebfimnlniiiahkandclblb/2024.6.2_0/popup} finished
2024/07/31 23:08:12 walker.go:242: walking of {file:///home/loganmancuso/Documents/Backups/os-init/secrets/programs/vivaldi/vivaldi/Default/Extensions/nngceckbapebfimnlniiiahkandclblb/2024.6.2_0} finished
2024/07/31 23:08:12 walker.go:242: walking of {file:///home/loganmancuso/Documents/Backups/os-init/secrets/programs/vivaldi/vivaldi/Default/Extensions/nngceckbapebfimnlniiiahkandclblb} finished
2024/07/31 23:08:12 walker.go:242: walking of {file:///home/loganmancuso/Documents/Backups/os-init/secrets/programs/vivaldi/vivaldi/Default/Extensions} finished
2024/07/31 23:08:12 walker.go:242: walking of {file:///home/loganmancuso/Documents/Backups/os-init/secrets/programs/vivaldi/vivaldi/Default/Feature%20Engagement%20Tracker/AvailabilityDB} finished
2024/07/31 23:08:12 walker.go:242: walking of {file:///home/loganmancuso/Documents/Backups/os-init/secrets/programs/vivaldi/vivaldi/Default/Feature%20Engagement%20Tracker/EventDB} finished
2024/07/31 23:08:12 walker.go:242: walking of {file:///home/loganmancuso/Documents/Backups/os-init/secrets/programs/vivaldi/vivaldi/Default/Feature%20Engagement%20Tracker} finished
2024/07/31 23:08:12 walker.go:242: walking of {file:///home/loganmancuso/Documents/Backups/os-init/secrets/programs/vivaldi/vivaldi/Default/File%20System/000/t/Paths} finished
2024/07/31 23:08:12 walker.go:242: walking of {file:///home/loganmancuso/Documents/Backups/os-init/secrets/programs/vivaldi/vivaldi/Default/File%20System/000/t} finished
2024/07/31 23:08:12 walker.go:242: walking of {file:///home/loganmancuso/Documents/Backups/os-init/secrets/programs/vivaldi/vivaldi/Default/File%20System/000} finished
2024/07/31 23:08:12 walker.go:242: walking of {file:///home/loganmancuso/Documents/Backups/os-init/secrets/programs/vivaldi/vivaldi/Default/File%20System/Origins} finished
2024/07/31 23:08:12 walker.go:242: walking of {file:///home/loganmancuso/Documents/Backups/os-init/secrets/programs/vivaldi/vivaldi/Default/File%20System} finished
2024/07/31 23:08:12 walker.go:242: walking of {file:///home/loganmancuso/Documents/Backups/os-init/secrets/programs/vivaldi/vivaldi/Default/GCM%20Store/Encryption} finished
2024/07/31 23:08:12 walker.go:242: walking of {file:///home/loganmancuso/Documents/Backups/os-init/secrets/programs/vivaldi/vivaldi/Default/GCM%20Store} finished
2024/07/31 23:08:12 walker.go:242: walking of {file:///home/loganmancuso/Documents/Backups/os-init/secrets/programs/vivaldi/vivaldi/Default/GPUCache} finished
2024/07/31 23:08:12 walker.go:242: walking of {file:///home/loganmancuso/Documents/Backups/os-init/secrets/programs/vivaldi/vivaldi/Default/IndexedDB/https_community.octoprint.org_0.indexeddb.leveldb} finished
2024/07/31 23:08:12 walker.go:242: walking of {file:///home/loganmancuso/Documents/Backups/os-init/secrets/programs/vivaldi/vivaldi/Default/IndexedDB/https_global.americanexpress.com_0.indexeddb.blob/1/00} finished
2024/07/31 23:08:12 walker.go:242: walking of {file:///home/loganmancuso/Documents/Backups/os-init/secrets/programs/vivaldi/vivaldi/Default/IndexedDB/https_global.americanexpress.com_0.indexeddb.blob/1} finished
2024/07/31 23:08:12 walker.go:242: walking of {file:///home/loganmancuso/Documents/Backups/os-init/secrets/programs/vivaldi/vivaldi/Default/IndexedDB/https_global.americanexpress.com_0.indexeddb.blob} finished
2024/07/31 23:08:12 walker.go:242: walking of {file:///home/loganmancuso/Documents/Backups/os-init/secrets/programs/vivaldi/vivaldi/Default/IndexedDB/https_global.americanexpress.com_0.indexeddb.leveldb} finished
2024/07/31 23:08:12 walker.go:242: walking of {file:///home/loganmancuso/Documents/Backups/os-init/secrets/programs/vivaldi/vivaldi/Default/IndexedDB/https_hexagon.com_0.indexeddb.leveldb} finished
2024/07/31 23:08:12 walker.go:242: walking of {file:///home/loganmancuso/Documents/Backups/os-init/secrets/programs/vivaldi/vivaldi/Default/IndexedDB/https_linuxize.com_0.indexeddb.leveldb} finished
2024/07/31 23:08:12 walker.go:242: walking of {file:///home/loganmancuso/Documents/Backups/os-init/secrets/programs/vivaldi/vivaldi/Default/IndexedDB/https_mail.google.com_0.indexeddb.leveldb} finished
2024/07/31 23:08:12 walker.go:242: walking of {file:///home/loganmancuso/Documents/Backups/os-init/secrets/programs/vivaldi/vivaldi/Default/IndexedDB/https_secure.indeed.com_0.indexeddb.leveldb} finished
2024/07/31 23:08:12 walker.go:242: walking of {file:///home/loganmancuso/Documents/Backups/os-init/secrets/programs/vivaldi/vivaldi/Default/IndexedDB/https_www.americanexpress.com_0.indexeddb.blob/1/00} finished
2024/07/31 23:08:12 walker.go:242: walking of {file:///home/loganmancuso/Documents/Backups/os-init/secrets/programs/vivaldi/vivaldi/Default/IndexedDB/https_www.americanexpress.com_0.indexeddb.blob/1} finished
2024/07/31 23:08:12 walker.go:242: walking of {file:///home/loganmancuso/Documents/Backups/os-init/secrets/programs/vivaldi/vivaldi/Default/IndexedDB/https_www.americanexpress.com_0.indexeddb.blob} finished
2024/07/31 23:08:12 walker.go:242: walking of {file:///home/loganmancuso/Documents/Backups/os-init/secrets/programs/vivaldi/vivaldi/Default/IndexedDB/https_www.americanexpress.com_0.indexeddb.leveldb} finished
2024/07/31 23:08:12 walker.go:242: walking of {file:///home/loganmancuso/Documents/Backups/os-init/secrets/programs/vivaldi/vivaldi/Default/IndexedDB/https_www.linkedin.com_0.indexeddb.leveldb} finished
2024/07/31 23:08:12 walker.go:242: walking of {file:///home/loganmancuso/Documents/Backups/os-init/secrets/programs/vivaldi/vivaldi/Default/IndexedDB/https_www.reddit.com_0.indexeddb.leveldb} finished
2024/07/31 23:08:12 walker.go:242: walking of {file:///home/loganmancuso/Documents/Backups/os-init/secrets/programs/vivaldi/vivaldi/Default/IndexedDB/https_www.youtube.com_0.indexeddb.blob/11/00} finished
2024/07/31 23:08:12 walker.go:242: walking of {file:///home/loganmancuso/Documents/Backups/os-init/secrets/programs/vivaldi/vivaldi/Default/IndexedDB/https_www.youtube.com_0.indexeddb.blob/11} finished
2024/07/31 23:08:12 walker.go:242: walking of {file:///home/loganmancuso/Documents/Backups/os-init/secrets/programs/vivaldi/vivaldi/Default/IndexedDB/https_www.youtube.com_0.indexeddb.blob/4/00} finished
2024/07/31 23:08:12 walker.go:242: walking of {file:///home/loganmancuso/Documents/Backups/os-init/secrets/programs/vivaldi/vivaldi/Default/IndexedDB/https_www.youtube.com_0.indexeddb.blob/4} finished
2024/07/31 23:08:12 walker.go:242: walking of {file:///home/loganmancuso/Documents/Backups/os-init/secrets/programs/vivaldi/vivaldi/Default/IndexedDB/https_www.youtube.com_0.indexeddb.blob/8/00} finished
2024/07/31 23:08:12 walker.go:242: walking of {file:///home/loganmancuso/Documents/Backups/os-init/secrets/programs/vivaldi/vivaldi/Default/IndexedDB/https_www.youtube.com_0.indexeddb.blob/8} finished
2024/07/31 23:08:12 walker.go:242: walking of {file:///home/loganmancuso/Documents/Backups/os-init/secrets/programs/vivaldi/vivaldi/Default/IndexedDB/https_www.youtube.com_0.indexeddb.blob} finished
2024/07/31 23:08:12 walker.go:242: walking of {file:///home/loganmancuso/Documents/Backups/os-init/secrets/programs/vivaldi/vivaldi/Default/IndexedDB/https_www.youtube.com_0.indexeddb.leveldb} finished
2024/07/31 23:08:12 walker.go:242: walking of {file:///home/loganmancuso/Documents/Backups/os-init/secrets/programs/vivaldi/vivaldi/Default/IndexedDB} finished
2024/07/31 23:08:12 walker.go:242: walking of {file:///home/loganmancuso/Documents/Backups/os-init/secrets/programs/vivaldi/vivaldi/Default/Local%20App%20Settings/mpognobbkildjkofajifpdfhcoklimli} finished
2024/07/31 23:08:12 walker.go:242: walking of {file:///home/loganmancuso/Documents/Backups/os-init/secrets/programs/vivaldi/vivaldi/Default/Local%20App%20Settings} finished
2024/07/31 23:08:12 walker.go:242: walking of {file:///home/loganmancuso/Documents/Backups/os-init/secrets/programs/vivaldi/vivaldi/Default/Local%20Extension%20Settings/nngceckbapebfimnlniiiahkandclblb} finished
2024/07/31 23:08:12 walker.go:242: walking of {file:///home/loganmancuso/Documents/Backups/os-init/secrets/programs/vivaldi/vivaldi/Default/Local%20Extension%20Settings} finished
2024/07/31 23:08:12 walker.go:242: walking of {file:///home/loganmancuso/Documents/Backups/os-init/secrets/programs/vivaldi/vivaldi/Default/Local%20Storage/leveldb} finished
2024/07/31 23:08:12 walker.go:242: walking of {file:///home/loganmancuso/Documents/Backups/os-init/secrets/programs/vivaldi/vivaldi/Default/Local%20Storage} finished
2024/07/31 23:08:12 walker.go:242: walking of {file:///home/loganmancuso/Documents/Backups/os-init/secrets/programs/vivaldi/vivaldi/Default/Managed%20Extension%20Settings/nngceckbapebfimnlniiiahkandclblb} finished
2024/07/31 23:08:12 walker.go:242: walking of {file:///home/loganmancuso/Documents/Backups/os-init/secrets/programs/vivaldi/vivaldi/Default/Managed%20Extension%20Settings} finished
2024/07/31 23:08:12 walker.go:242: walking of {file:///home/loganmancuso/Documents/Backups/os-init/secrets/programs/vivaldi/vivaldi/Default/PersistentOriginTrials} finished
2024/07/31 23:08:12 walker.go:242: walking of {file:///home/loganmancuso/Documents/Backups/os-init/secrets/programs/vivaldi/vivaldi/Default/Platform%20Notifications} finished
2024/07/31 23:08:12 walker.go:242: walking of {file:///home/loganmancuso/Documents/Backups/os-init/secrets/programs/vivaldi/vivaldi/Default/Service%20Worker/CacheStorage/18ae9b1c3e70c6b6064b6bc10544cb86296e48ae/1544c8aa-4ef9-461d-bef6-ea19384d38b2/index-dir} finished
2024/07/31 23:08:12 walker.go:242: walking of {file:///home/loganmancuso/Documents/Backups/os-init/secrets/programs/vivaldi/vivaldi/Default/Service%20Worker/CacheStorage/18ae9b1c3e70c6b6064b6bc10544cb86296e48ae/1544c8aa-4ef9-461d-bef6-ea19384d38b2} finished
2024/07/31 23:08:12 walker.go:242: walking of {file:///home/loganmancuso/Documents/Backups/os-init/secrets/programs/vivaldi/vivaldi/Default/Service%20Worker/CacheStorage/18ae9b1c3e70c6b6064b6bc10544cb86296e48ae/c0939ba9-29cc-49b0-b46f-ce4de6a9ba0a/index-dir} finished
2024/07/31 23:08:12 walker.go:242: walking of {file:///home/loganmancuso/Documents/Backups/os-init/secrets/programs/vivaldi/vivaldi/Default/Service%20Worker/CacheStorage/18ae9b1c3e70c6b6064b6bc10544cb86296e48ae/c0939ba9-29cc-49b0-b46f-ce4de6a9ba0a} finished
2024/07/31 23:08:12 walker.go:242: walking of {file:///home/loganmancuso/Documents/Backups/os-init/secrets/programs/vivaldi/vivaldi/Default/Service%20Worker/CacheStorage/18ae9b1c3e70c6b6064b6bc10544cb86296e48ae} finished
2024/07/31 23:08:12 walker.go:242: walking of {file:///home/loganmancuso/Documents/Backups/os-init/secrets/programs/vivaldi/vivaldi/Default/Service%20Worker/CacheStorage/312135a264cfc444fafe9387d0c8231a235cffc8/29358cda-2c0d-499e-98e1-0f61aa60dbdb/index-dir} finished
2024/07/31 23:08:12 walker.go:242: walking of {file:///home/loganmancuso/Documents/Backups/os-init/secrets/programs/vivaldi/vivaldi/Default/Service%20Worker/CacheStorage/312135a264cfc444fafe9387d0c8231a235cffc8/29358cda-2c0d-499e-98e1-0f61aa60dbdb} finished
2024/07/31 23:08:12 walker.go:242: walking of {file:///home/loganmancuso/Documents/Backups/os-init/secrets/programs/vivaldi/vivaldi/Default/Service%20Worker/CacheStorage/312135a264cfc444fafe9387d0c8231a235cffc8} finished
2024/07/31 23:08:12 walker.go:242: walking of {file:///home/loganmancuso/Documents/Backups/os-init/secrets/programs/vivaldi/vivaldi/Default/Service%20Worker/CacheStorage/379f1cbab5b08b6fc9e08681e42d8be311441c88/787277e4-865d-4bc5-9aa6-e0029f65d5b8/index-dir} finished
2024/07/31 23:08:12 walker.go:242: walking of {file:///home/loganmancuso/Documents/Backups/os-init/secrets/programs/vivaldi/vivaldi/Default/Service%20Worker/CacheStorage/379f1cbab5b08b6fc9e08681e42d8be311441c88/787277e4-865d-4bc5-9aa6-e0029f65d5b8} finished
2024/07/31 23:08:12 walker.go:242: walking of {file:///home/loganmancuso/Documents/Backups/os-init/secrets/programs/vivaldi/vivaldi/Default/Service%20Worker/CacheStorage/379f1cbab5b08b6fc9e08681e42d8be311441c88/b91fd84a-46e4-4763-950c-febc004b3958/index-dir} finished
2024/07/31 23:08:12 walker.go:242: walking of {file:///home/loganmancuso/Documents/Backups/os-init/secrets/programs/vivaldi/vivaldi/Default/Service%20Worker/CacheStorage/379f1cbab5b08b6fc9e08681e42d8be311441c88/b91fd84a-46e4-4763-950c-febc004b3958} finished
2024/07/31 23:08:12 walker.go:242: walking of {file:///home/loganmancuso/Documents/Backups/os-init/secrets/programs/vivaldi/vivaldi/Default/Service%20Worker/CacheStorage/379f1cbab5b08b6fc9e08681e42d8be311441c88} finished
2024/07/31 23:08:12 walker.go:242: walking of {file:///home/loganmancuso/Documents/Backups/os-init/secrets/programs/vivaldi/vivaldi/Default/Service%20Worker/CacheStorage/579544fd7d0441717f082c9eb123588966aa57ac/26541776-9b95-4e84-ae99-bfc721a7dee6/index-dir} finished
2024/07/31 23:08:12 walker.go:242: walking of {file:///home/loganmancuso/Documents/Backups/os-init/secrets/programs/vivaldi/vivaldi/Default/Service%20Worker/CacheStorage/579544fd7d0441717f082c9eb123588966aa57ac/26541776-9b95-4e84-ae99-bfc721a7dee6} finished
2024/07/31 23:08:12 walker.go:242: walking of {file:///home/loganmancuso/Documents/Backups/os-init/secrets/programs/vivaldi/vivaldi/Default/Service%20Worker/CacheStorage/579544fd7d0441717f082c9eb123588966aa57ac/65b88018-8603-4ec2-87b1-210aa1592940/index-dir} finished
2024/07/31 23:08:12 walker.go:242: walking of {file:///home/loganmancuso/Documents/Backups/os-init/secrets/programs/vivaldi/vivaldi/Default/Service%20Worker/CacheStorage/579544fd7d0441717f082c9eb123588966aa57ac/65b88018-8603-4ec2-87b1-210aa1592940} finished
2024/07/31 23:08:12 walker.go:242: walking of {file:///home/loganmancuso/Documents/Backups/os-init/secrets/programs/vivaldi/vivaldi/Default/Service%20Worker/CacheStorage/579544fd7d0441717f082c9eb123588966aa57ac/68146a53-ba3a-4243-8c41-5de4cd5bf96d/index-dir} finished
2024/07/31 23:08:12 walker.go:242: walking of {file:///home/loganmancuso/Documents/Backups/os-init/secrets/programs/vivaldi/vivaldi/Default/Service%20Worker/CacheStorage/579544fd7d0441717f082c9eb123588966aa57ac/68146a53-ba3a-4243-8c41-5de4cd5bf96d} finished
2024/07/31 23:08:12 walker.go:242: walking of {file:///home/loganmancuso/Documents/Backups/os-init/secrets/programs/vivaldi/vivaldi/Default/Service%20Worker/CacheStorage/579544fd7d0441717f082c9eb123588966aa57ac/b462fa57-cd4a-47cd-8200-07c86c150045/index-dir} finished
2024/07/31 23:08:12 walker.go:242: walking of {file:///home/loganmancuso/Documents/Backups/os-init/secrets/programs/vivaldi/vivaldi/Default/Service%20Worker/CacheStorage/579544fd7d0441717f082c9eb123588966aa57ac/b462fa57-cd4a-47cd-8200-07c86c150045} finished
2024/07/31 23:08:12 walker.go:242: walking of {file:///home/loganmancuso/Documents/Backups/os-init/secrets/programs/vivaldi/vivaldi/Default/Service%20Worker/CacheStorage/579544fd7d0441717f082c9eb123588966aa57ac/db363aff-6366-445a-bc57-162473e85b36/index-dir} finished
2024/07/31 23:08:12 walker.go:242: walking of {file:///home/loganmancuso/Documents/Backups/os-init/secrets/programs/vivaldi/vivaldi/Default/Service%20Worker/CacheStorage/579544fd7d0441717f082c9eb123588966aa57ac/db363aff-6366-445a-bc57-162473e85b36} finished
2024/07/31 23:08:12 walker.go:242: walking of {file:///home/loganmancuso/Documents/Backups/os-init/secrets/programs/vivaldi/vivaldi/Default/Service%20Worker/CacheStorage/579544fd7d0441717f082c9eb123588966aa57ac/f66d6968-ea9f-4aa1-81d1-766af7ffa38c/index-dir} finished
2024/07/31 23:08:12 walker.go:242: walking of {file:///home/loganmancuso/Documents/Backups/os-init/secrets/programs/vivaldi/vivaldi/Default/Service%20Worker/CacheStorage/579544fd7d0441717f082c9eb123588966aa57ac/f66d6968-ea9f-4aa1-81d1-766af7ffa38c} finished
2024/07/31 23:08:12 walker.go:242: walking of {file:///home/loganmancuso/Documents/Backups/os-init/secrets/programs/vivaldi/vivaldi/Default/Service%20Worker/CacheStorage/579544fd7d0441717f082c9eb123588966aa57ac} finished
2024/07/31 23:08:12 walker.go:242: walking of {file:///home/loganmancuso/Documents/Backups/os-init/secrets/programs/vivaldi/vivaldi/Default/Service%20Worker/CacheStorage/b48a40200d6f0bdefe44c3bc244b571b429352cc/f7da146f-5351-49a7-a77d-044472b7fd0a/index-dir} finished
2024/07/31 23:08:12 walker.go:242: walking of {file:///home/loganmancuso/Documents/Backups/os-init/secrets/programs/vivaldi/vivaldi/Default/Service%20Worker/CacheStorage/b48a40200d6f0bdefe44c3bc244b571b429352cc/f7da146f-5351-49a7-a77d-044472b7fd0a} finished
2024/07/31 23:08:12 walker.go:242: walking of {file:///home/loganmancuso/Documents/Backups/os-init/secrets/programs/vivaldi/vivaldi/Default/Service%20Worker/CacheStorage/b48a40200d6f0bdefe44c3bc244b571b429352cc} finished
2024/07/31 23:08:12 walker.go:242: walking of {file:///home/loganmancuso/Documents/Backups/os-init/secrets/programs/vivaldi/vivaldi/Default/Service%20Worker/CacheStorage} finished
2024/07/31 23:08:12 walker.go:242: walking of {file:///home/loganmancuso/Documents/Backups/os-init/secrets/programs/vivaldi/vivaldi/Default/Service%20Worker/Database} finished
2024/07/31 23:08:12 walker.go:242: walking of {file:///home/loganmancuso/Documents/Backups/os-init/secrets/programs/vivaldi/vivaldi/Default/Service%20Worker/ScriptCache/index-dir} finished
2024/07/31 23:08:12 walker.go:242: walking of {file:///home/loganmancuso/Documents/Backups/os-init/secrets/programs/vivaldi/vivaldi/Default/Service%20Worker/ScriptCache} finished
2024/07/31 23:08:12 walker.go:242: walking of {file:///home/loganmancuso/Documents/Backups/os-init/secrets/programs/vivaldi/vivaldi/Default/Service%20Worker} finished
2024/07/31 23:08:12 walker.go:242: walking of {file:///home/loganmancuso/Documents/Backups/os-init/secrets/programs/vivaldi/vivaldi/Default/Session%20Storage} finished
2024/07/31 23:08:12 walker.go:242: walking of {file:///home/loganmancuso/Documents/Backups/os-init/secrets/programs/vivaldi/vivaldi/Default/Sessions} finished
2024/07/31 23:08:12 walker.go:242: walking of {file:///home/loganmancuso/Documents/Backups/os-init/secrets/programs/vivaldi/vivaldi/Default/Shared%20Dictionary/cache/index-dir} finished
2024/07/31 23:08:12 walker.go:242: walking of {file:///home/loganmancuso/Documents/Backups/os-init/secrets/programs/vivaldi/vivaldi/Default/Shared%20Dictionary/cache} finished
2024/07/31 23:08:12 walker.go:242: walking of {file:///home/loganmancuso/Documents/Backups/os-init/secrets/programs/vivaldi/vivaldi/Default/Shared%20Dictionary} finished
2024/07/31 23:08:12 walker.go:242: walking of {file:///home/loganmancuso/Documents/Backups/os-init/secrets/programs/vivaldi/vivaldi/Default/Site%20Characteristics%20Database} finished
2024/07/31 23:08:12 walker.go:242: walking of {file:///home/loganmancuso/Documents/Backups/os-init/secrets/programs/vivaldi/vivaldi/Default/Storage/ext/mpognobbkildjkofajifpdfhcoklimli/def/DawnGraphiteCache} finished
2024/07/31 23:08:12 walker.go:242: walking of {file:///home/loganmancuso/Documents/Backups/os-init/secrets/programs/vivaldi/vivaldi/Default/Storage/ext/mpognobbkildjkofajifpdfhcoklimli/def/DawnWebGPUCache} finished
2024/07/31 23:08:12 walker.go:242: walking of {file:///home/loganmancuso/Documents/Backups/os-init/secrets/programs/vivaldi/vivaldi/Default/Storage/ext/mpognobbkildjkofajifpdfhcoklimli/def/GPUCache} finished
2024/07/31 23:08:12 walker.go:242: walking of {file:///home/loganmancuso/Documents/Backups/os-init/secrets/programs/vivaldi/vivaldi/Default/Storage/ext/mpognobbkildjkofajifpdfhcoklimli/def/IndexedDB/chrome-extension_mpognobbkildjkofajifpdfhcoklimli_0.indexeddb.leveldb} finished
2024/07/31 23:08:12 walker.go:242: walking of {file:///home/loganmancuso/Documents/Backups/os-init/secrets/programs/vivaldi/vivaldi/Default/Storage/ext/mpognobbkildjkofajifpdfhcoklimli/def/IndexedDB} finished
2024/07/31 23:08:12 walker.go:242: walking of {file:///home/loganmancuso/Documents/Backups/os-init/secrets/programs/vivaldi/vivaldi/Default/Storage/ext/mpognobbkildjkofajifpdfhcoklimli/def/Local%20Storage/leveldb} finished
2024/07/31 23:08:12 walker.go:242: walking of {file:///home/loganmancuso/Documents/Backups/os-init/secrets/programs/vivaldi/vivaldi/Default/Storage/ext/mpognobbkildjkofajifpdfhcoklimli/def/Local%20Storage} finished
2024/07/31 23:08:12 walker.go:242: walking of {file:///home/loganmancuso/Documents/Backups/os-init/secrets/programs/vivaldi/vivaldi/Default/Storage/ext/mpognobbkildjkofajifpdfhcoklimli/def/Platform%20Notifications} finished
2024/07/31 23:08:12 walker.go:242: walking of {file:///home/loganmancuso/Documents/Backups/os-init/secrets/programs/vivaldi/vivaldi/Default/Storage/ext/mpognobbkildjkofajifpdfhcoklimli/def/Service%20Worker/Database} finished
2024/07/31 23:08:12 walker.go:242: walking of {file:///home/loganmancuso/Documents/Backups/os-init/secrets/programs/vivaldi/vivaldi/Default/Storage/ext/mpognobbkildjkofajifpdfhcoklimli/def/Service%20Worker/ScriptCache/index-dir} finished
2024/07/31 23:08:12 walker.go:242: walking of {file:///home/loganmancuso/Documents/Backups/os-init/secrets/programs/vivaldi/vivaldi/Default/Storage/ext/mpognobbkildjkofajifpdfhcoklimli/def/Service%20Worker/ScriptCache} finished
2024/07/31 23:08:12 walker.go:242: walking of {file:///home/loganmancuso/Documents/Backups/os-init/secrets/programs/vivaldi/vivaldi/Default/Storage/ext/mpognobbkildjkofajifpdfhcoklimli/def/Service%20Worker} finished
2024/07/31 23:08:12 walker.go:242: walking of {file:///home/loganmancuso/Documents/Backups/os-init/secrets/programs/vivaldi/vivaldi/Default/Storage/ext/mpognobbkildjkofajifpdfhcoklimli/def/Session%20Storage} finished
2024/07/31 23:08:12 walker.go:242: walking of {file:///home/loganmancuso/Documents/Backups/os-init/secrets/programs/vivaldi/vivaldi/Default/Storage/ext/mpognobbkildjkofajifpdfhcoklimli/def/Shared%20Dictionary/cache/index-dir} finished
2024/07/31 23:08:12 walker.go:242: walking of {file:///home/loganmancuso/Documents/Backups/os-init/secrets/programs/vivaldi/vivaldi/Default/Storage/ext/mpognobbkildjkofajifpdfhcoklimli/def/Shared%20Dictionary/cache} finished
2024/07/31 23:08:12 walker.go:242: walking of {file:///home/loganmancuso/Documents/Backups/os-init/secrets/programs/vivaldi/vivaldi/Default/Storage/ext/mpognobbkildjkofajifpdfhcoklimli/def/Shared%20Dictionary} finished
2024/07/31 23:08:12 walker.go:242: walking of {file:///home/loganmancuso/Documents/Backups/os-init/secrets/programs/vivaldi/vivaldi/Default/Storage/ext/mpognobbkildjkofajifpdfhcoklimli/def/WebStorage} finished
2024/07/31 23:08:12 walker.go:242: walking of {file:///home/loganmancuso/Documents/Backups/os-init/secrets/programs/vivaldi/vivaldi/Default/Storage/ext/mpognobbkildjkofajifpdfhcoklimli/def} finished
2024/07/31 23:08:12 walker.go:242: walking of {file:///home/loganmancuso/Documents/Backups/os-init/secrets/programs/vivaldi/vivaldi/Default/Storage/ext/mpognobbkildjkofajifpdfhcoklimli} finished
2024/07/31 23:08:12 walker.go:242: walking of {file:///home/loganmancuso/Documents/Backups/os-init/secrets/programs/vivaldi/vivaldi/Default/Storage/ext} finished
2024/07/31 23:08:12 walker.go:242: walking of {file:///home/loganmancuso/Documents/Backups/os-init/secrets/programs/vivaldi/vivaldi/Default/Storage} finished
2024/07/31 23:08:12 walker.go:242: walking of {file:///home/loganmancuso/Documents/Backups/os-init/secrets/programs/vivaldi/vivaldi/Default/Sync%20Data/LevelDB} finished
2024/07/31 23:08:12 walker.go:242: walking of {file:///home/loganmancuso/Documents/Backups/os-init/secrets/programs/vivaldi/vivaldi/Default/Sync%20Data} finished
2024/07/31 23:08:12 walker.go:242: walking of {file:///home/loganmancuso/Documents/Backups/os-init/secrets/programs/vivaldi/vivaldi/Default/SyncedFiles} finished
2024/07/31 23:08:12 walker.go:242: walking of {file:///home/loganmancuso/Documents/Backups/os-init/secrets/programs/vivaldi/vivaldi/Default/VideoDecodeStats} finished
2024/07/31 23:08:12 walker.go:242: walking of {file:///home/loganmancuso/Documents/Backups/os-init/secrets/programs/vivaldi/vivaldi/Default/VivaldiDirectMatchIcons} finished
2024/07/31 23:08:12 walker.go:242: walking of {file:///home/loganmancuso/Documents/Backups/os-init/secrets/programs/vivaldi/vivaldi/Default/VivaldiThumbnails} finished
2024/07/31 23:08:12 walker.go:242: walking of {file:///home/loganmancuso/Documents/Backups/os-init/secrets/programs/vivaldi/vivaldi/Default/WebStorage/1/CacheStorage} finished
2024/07/31 23:08:12 walker.go:242: walking of {file:///home/loganmancuso/Documents/Backups/os-init/secrets/programs/vivaldi/vivaldi/Default/WebStorage/1/IndexedDB/indexeddb.leveldb} finished
2024/07/31 23:08:12 walker.go:242: walking of {file:///home/loganmancuso/Documents/Backups/os-init/secrets/programs/vivaldi/vivaldi/Default/WebStorage/1/IndexedDB} finished
2024/07/31 23:08:12 walker.go:242: walking of {file:///home/loganmancuso/Documents/Backups/os-init/secrets/programs/vivaldi/vivaldi/Default/WebStorage/1} finished
2024/07/31 23:08:12 walker.go:242: walking of {file:///home/loganmancuso/Documents/Backups/os-init/secrets/programs/vivaldi/vivaldi/Default/WebStorage/12/IndexedDB/indexeddb.leveldb} finished
2024/07/31 23:08:12 walker.go:242: walking of {file:///home/loganmancuso/Documents/Backups/os-init/secrets/programs/vivaldi/vivaldi/Default/WebStorage/12/IndexedDB} finished
2024/07/31 23:08:12 walker.go:242: walking of {file:///home/loganmancuso/Documents/Backups/os-init/secrets/programs/vivaldi/vivaldi/Default/WebStorage/12} finished
2024/07/31 23:08:12 walker.go:242: walking of {file:///home/loganmancuso/Documents/Backups/os-init/secrets/programs/vivaldi/vivaldi/Default/WebStorage/14/CacheStorage} finished
2024/07/31 23:08:12 walker.go:242: walking of {file:///home/loganmancuso/Documents/Backups/os-init/secrets/programs/vivaldi/vivaldi/Default/WebStorage/14/IndexedDB/indexeddb.leveldb} finished
2024/07/31 23:08:12 walker.go:242: walking of {file:///home/loganmancuso/Documents/Backups/os-init/secrets/programs/vivaldi/vivaldi/Default/WebStorage/14/IndexedDB} finished
2024/07/31 23:08:12 walker.go:242: walking of {file:///home/loganmancuso/Documents/Backups/os-init/secrets/programs/vivaldi/vivaldi/Default/WebStorage/14} finished
2024/07/31 23:08:12 walker.go:242: walking of {file:///home/loganmancuso/Documents/Backups/os-init/secrets/programs/vivaldi/vivaldi/Default/WebStorage/20/CacheStorage} finished
2024/07/31 23:08:12 walker.go:242: walking of {file:///home/loganmancuso/Documents/Backups/os-init/secrets/programs/vivaldi/vivaldi/Default/WebStorage/20/IndexedDB/indexeddb.leveldb} finished
2024/07/31 23:08:12 walker.go:242: walking of {file:///home/loganmancuso/Documents/Backups/os-init/secrets/programs/vivaldi/vivaldi/Default/WebStorage/20/IndexedDB} finished
2024/07/31 23:08:12 walker.go:242: walking of {file:///home/loganmancuso/Documents/Backups/os-init/secrets/programs/vivaldi/vivaldi/Default/WebStorage/20} finished
2024/07/31 23:08:12 walker.go:242: walking of {file:///home/loganmancuso/Documents/Backups/os-init/secrets/programs/vivaldi/vivaldi/Default/WebStorage/21/CacheStorage} finished
2024/07/31 23:08:12 walker.go:242: walking of {file:///home/loganmancuso/Documents/Backups/os-init/secrets/programs/vivaldi/vivaldi/Default/WebStorage/21/IndexedDB/indexeddb.leveldb} finished
2024/07/31 23:08:12 walker.go:242: walking of {file:///home/loganmancuso/Documents/Backups/os-init/secrets/programs/vivaldi/vivaldi/Default/WebStorage/21/IndexedDB} finished
2024/07/31 23:08:12 walker.go:242: walking of {file:///home/loganmancuso/Documents/Backups/os-init/secrets/programs/vivaldi/vivaldi/Default/WebStorage/21} finished
2024/07/31 23:08:12 walker.go:242: walking of {file:///home/loganmancuso/Documents/Backups/os-init/secrets/programs/vivaldi/vivaldi/Default/WebStorage/22/CacheStorage} finished
2024/07/31 23:08:12 walker.go:242: walking of {file:///home/loganmancuso/Documents/Backups/os-init/secrets/programs/vivaldi/vivaldi/Default/WebStorage/22/IndexedDB/indexeddb.leveldb} finished
2024/07/31 23:08:12 walker.go:242: walking of {file:///home/loganmancuso/Documents/Backups/os-init/secrets/programs/vivaldi/vivaldi/Default/WebStorage/22/IndexedDB} finished
2024/07/31 23:08:12 walker.go:242: walking of {file:///home/loganmancuso/Documents/Backups/os-init/secrets/programs/vivaldi/vivaldi/Default/WebStorage/22} finished
2024/07/31 23:08:12 walker.go:242: walking of {file:///home/loganmancuso/Documents/Backups/os-init/secrets/programs/vivaldi/vivaldi/Default/WebStorage/24/CacheStorage} finished
2024/07/31 23:08:12 walker.go:242: walking of {file:///home/loganmancuso/Documents/Backups/os-init/secrets/programs/vivaldi/vivaldi/Default/WebStorage/24/IndexedDB/indexeddb.leveldb} finished
2024/07/31 23:08:12 walker.go:242: walking of {file:///home/loganmancuso/Documents/Backups/os-init/secrets/programs/vivaldi/vivaldi/Default/WebStorage/24/IndexedDB} finished
2024/07/31 23:08:12 walker.go:242: walking of {file:///home/loganmancuso/Documents/Backups/os-init/secrets/programs/vivaldi/vivaldi/Default/WebStorage/24} finished
2024/07/31 23:08:12 walker.go:242: walking of {file:///home/loganmancuso/Documents/Backups/os-init/secrets/programs/vivaldi/vivaldi/Default/WebStorage/27/CacheStorage} finished
2024/07/31 23:08:12 walker.go:242: walking of {file:///home/loganmancuso/Documents/Backups/os-init/secrets/programs/vivaldi/vivaldi/Default/WebStorage/27/IndexedDB/indexeddb.leveldb} finished
2024/07/31 23:08:12 walker.go:242: walking of {file:///home/loganmancuso/Documents/Backups/os-init/secrets/programs/vivaldi/vivaldi/Default/WebStorage/27/IndexedDB} finished
2024/07/31 23:08:12 walker.go:242: walking of {file:///home/loganmancuso/Documents/Backups/os-init/secrets/programs/vivaldi/vivaldi/Default/WebStorage/27} finished
2024/07/31 23:08:12 walker.go:242: walking of {file:///home/loganmancuso/Documents/Backups/os-init/secrets/programs/vivaldi/vivaldi/Default/WebStorage} finished
2024/07/31 23:08:12 walker.go:242: walking of {file:///home/loganmancuso/Documents/Backups/os-init/secrets/programs/vivaldi/vivaldi/Default/blob_storage/116ae533-221a-4b41-af77-a4878f0fe65b} finished
2024/07/31 23:08:12 walker.go:242: walking of {file:///home/loganmancuso/Documents/Backups/os-init/secrets/programs/vivaldi/vivaldi/Default/blob_storage/af901cc0-4e7b-4a30-a737-ffcc51b375a5} finished
2024/07/31 23:08:12 walker.go:242: walking of {file:///home/loganmancuso/Documents/Backups/os-init/secrets/programs/vivaldi/vivaldi/Default/blob_storage/fe8a8f2c-6a8d-4c28-81be-b63909d36185} finished
2024/07/31 23:08:12 walker.go:242: walking of {file:///home/loganmancuso/Documents/Backups/os-init/secrets/programs/vivaldi/vivaldi/Default/blob_storage} finished
2024/07/31 23:08:12 walker.go:242: walking of {file:///home/loganmancuso/Documents/Backups/os-init/secrets/programs/vivaldi/vivaldi/Default/chrome_cart_db} finished
2024/07/31 23:08:12 walker.go:242: walking of {file:///home/loganmancuso/Documents/Backups/os-init/secrets/programs/vivaldi/vivaldi/Default/commerce_subscription_db} finished
2024/07/31 23:08:12 walker.go:242: walking of {file:///home/loganmancuso/Documents/Backups/os-init/secrets/programs/vivaldi/vivaldi/Default/coupon_db} finished
2024/07/31 23:08:12 walker.go:242: walking of {file:///home/loganmancuso/Documents/Backups/os-init/secrets/programs/vivaldi/vivaldi/Default/discounts_db} finished
2024/07/31 23:08:12 walker.go:242: walking of {file:///home/loganmancuso/Documents/Backups/os-init/secrets/programs/vivaldi/vivaldi/Default/feedv2/streamdb} finished
2024/07/31 23:08:12 walker.go:242: walking of {file:///home/loganmancuso/Documents/Backups/os-init/secrets/programs/vivaldi/vivaldi/Default/feedv2} finished
2024/07/31 23:08:12 walker.go:242: walking of {file:///home/loganmancuso/Documents/Backups/os-init/secrets/programs/vivaldi/vivaldi/Default/parcel_tracking_db} finished
2024/07/31 23:08:12 walker.go:242: walking of {file:///home/loganmancuso/Documents/Backups/os-init/secrets/programs/vivaldi/vivaldi/Default/shared_proto_db/metadata} finished
2024/07/31 23:08:12 walker.go:242: walking of {file:///home/loganmancuso/Documents/Backups/os-init/secrets/programs/vivaldi/vivaldi/Default/shared_proto_db} finished
2024/07/31 23:08:12 walker.go:242: walking of {file:///home/loganmancuso/Documents/Backups/os-init/secrets/programs/vivaldi/vivaldi/Default} finished
2024/07/31 23:08:12 walker.go:242: walking of {file:///home/loganmancuso/Documents/Backups/os-init/secrets/programs/vivaldi/vivaldi/Dictionaries} finished
2024/07/31 23:08:12 walker.go:242: walking of {file:///home/loganmancuso/Documents/Backups/os-init/secrets/programs/vivaldi/vivaldi/FileTypePolicies/66/_metadata} finished
2024/07/31 23:08:12 walker.go:242: walking of {file:///home/loganmancuso/Documents/Backups/os-init/secrets/programs/vivaldi/vivaldi/FileTypePolicies/66} finished
2024/07/31 23:08:12 walker.go:242: walking of {file:///home/loganmancuso/Documents/Backups/os-init/secrets/programs/vivaldi/vivaldi/FileTypePolicies} finished
2024/07/31 23:08:12 walker.go:242: walking of {file:///home/loganmancuso/Documents/Backups/os-init/secrets/programs/vivaldi/vivaldi/FirstPartySetsPreloaded/2024.6.26.0/_metadata} finished
2024/07/31 23:08:12 walker.go:242: walking of {file:///home/loganmancuso/Documents/Backups/os-init/secrets/programs/vivaldi/vivaldi/FirstPartySetsPreloaded/2024.6.26.0} finished
2024/07/31 23:08:12 walker.go:242: walking of {file:///home/loganmancuso/Documents/Backups/os-init/secrets/programs/vivaldi/vivaldi/FirstPartySetsPreloaded/2024.7.17.0/_metadata} finished
2024/07/31 23:08:12 walker.go:242: walking of {file:///home/loganmancuso/Documents/Backups/os-init/secrets/programs/vivaldi/vivaldi/FirstPartySetsPreloaded/2024.7.17.0} finished
2024/07/31 23:08:12 walker.go:242: walking of {file:///home/loganmancuso/Documents/Backups/os-init/secrets/programs/vivaldi/vivaldi/FirstPartySetsPreloaded/2024.7.24.0/_metadata} finished
2024/07/31 23:08:12 walker.go:242: walking of {file:///home/loganmancuso/Documents/Backups/os-init/secrets/programs/vivaldi/vivaldi/FirstPartySetsPreloaded/2024.7.24.0} finished
2024/07/31 23:08:12 walker.go:242: walking of {file:///home/loganmancuso/Documents/Backups/os-init/secrets/programs/vivaldi/vivaldi/FirstPartySetsPreloaded} finished
2024/07/31 23:08:12 walker.go:242: walking of {file:///home/loganmancuso/Documents/Backups/os-init/secrets/programs/vivaldi/vivaldi/GrShaderCache} finished
2024/07/31 23:08:12 walker.go:242: walking of {file:///home/loganmancuso/Documents/Backups/os-init/secrets/programs/vivaldi/vivaldi/GraphiteDawnCache} finished
2024/07/31 23:08:12 walker.go:242: walking of {file:///home/loganmancuso/Documents/Backups/os-init/secrets/programs/vivaldi/vivaldi/Guest%20Profile/AdBlockRules/AdBlocking} finished
2024/07/31 23:08:12 walker.go:242: walking of {file:///home/loganmancuso/Documents/Backups/os-init/secrets/programs/vivaldi/vivaldi/Guest%20Profile/AdBlockRules/TrackerBlocking} finished
2024/07/31 23:08:12 walker.go:242: walking of {file:///home/loganmancuso/Documents/Backups/os-init/secrets/programs/vivaldi/vivaldi/Guest%20Profile/AdBlockRules} finished
2024/07/31 23:08:12 walker.go:242: walking of {file:///home/loganmancuso/Documents/Backups/os-init/secrets/programs/vivaldi/vivaldi/Guest%20Profile/AutofillStrikeDatabase} finished
2024/07/31 23:08:12 walker.go:242: walking of {file:///home/loganmancuso/Documents/Backups/os-init/secrets/programs/vivaldi/vivaldi/Guest%20Profile/BudgetDatabase} finished
2024/07/31 23:08:12 walker.go:242: walking of {file:///home/loganmancuso/Documents/Backups/os-init/secrets/programs/vivaldi/vivaldi/Guest%20Profile/DawnGraphiteCache} finished
2024/07/31 23:08:12 walker.go:242: walking of {file:///home/loganmancuso/Documents/Backups/os-init/secrets/programs/vivaldi/vivaldi/Guest%20Profile/DawnWebGPUCache} finished
2024/07/31 23:08:12 walker.go:242: walking of {file:///home/loganmancuso/Documents/Backups/os-init/secrets/programs/vivaldi/vivaldi/Guest%20Profile/Extension%20Rules} finished
2024/07/31 23:08:12 walker.go:242: walking of {file:///home/loganmancuso/Documents/Backups/os-init/secrets/programs/vivaldi/vivaldi/Guest%20Profile/Extension%20Scripts} finished
2024/07/31 23:08:12 walker.go:242: walking of {file:///home/loganmancuso/Documents/Backups/os-init/secrets/programs/vivaldi/vivaldi/Guest%20Profile/Extension%20State} finished
2024/07/31 23:08:12 walker.go:242: walking of {file:///home/loganmancuso/Documents/Backups/os-init/secrets/programs/vivaldi/vivaldi/Guest%20Profile/Feature%20Engagement%20Tracker/AvailabilityDB} finished
2024/07/31 23:08:12 walker.go:242: walking of {file:///home/loganmancuso/Documents/Backups/os-init/secrets/programs/vivaldi/vivaldi/Guest%20Profile/Feature%20Engagement%20Tracker/EventDB} finished
2024/07/31 23:08:12 walker.go:242: walking of {file:///home/loganmancuso/Documents/Backups/os-init/secrets/programs/vivaldi/vivaldi/Guest%20Profile/Feature%20Engagement%20Tracker} finished
2024/07/31 23:08:12 walker.go:242: walking of {file:///home/loganmancuso/Documents/Backups/os-init/secrets/programs/vivaldi/vivaldi/Guest%20Profile/GPUCache} finished
2024/07/31 23:08:12 walker.go:242: walking of {file:///home/loganmancuso/Documents/Backups/os-init/secrets/programs/vivaldi/vivaldi/Guest%20Profile/Local%20App%20Settings/mpognobbkildjkofajifpdfhcoklimli} finished
2024/07/31 23:08:12 walker.go:242: walking of {file:///home/loganmancuso/Documents/Backups/os-init/secrets/programs/vivaldi/vivaldi/Guest%20Profile/Local%20App%20Settings} finished
2024/07/31 23:08:12 walker.go:242: walking of {file:///home/loganmancuso/Documents/Backups/os-init/secrets/programs/vivaldi/vivaldi/Guest%20Profile/Local%20Storage/leveldb} finished
2024/07/31 23:08:12 walker.go:242: walking of {file:///home/loganmancuso/Documents/Backups/os-init/secrets/programs/vivaldi/vivaldi/Guest%20Profile/Local%20Storage} finished
2024/07/31 23:08:12 walker.go:242: walking of {file:///home/loganmancuso/Documents/Backups/os-init/secrets/programs/vivaldi/vivaldi/Guest%20Profile/Sessions} finished
2024/07/31 23:08:12 walker.go:242: walking of {file:///home/loganmancuso/Documents/Backups/os-init/secrets/programs/vivaldi/vivaldi/Guest%20Profile/Shared%20Dictionary/cache/index-dir} finished
2024/07/31 23:08:12 walker.go:242: walking of {file:///home/loganmancuso/Documents/Backups/os-init/secrets/programs/vivaldi/vivaldi/Guest%20Profile/Shared%20Dictionary/cache} finished
2024/07/31 23:08:12 walker.go:242: walking of {file:///home/loganmancuso/Documents/Backups/os-init/secrets/programs/vivaldi/vivaldi/Guest%20Profile/Shared%20Dictionary} finished
2024/07/31 23:08:12 walker.go:242: walking of {file:///home/loganmancuso/Documents/Backups/os-init/secrets/programs/vivaldi/vivaldi/Guest%20Profile/Site%20Characteristics%20Database} finished
2024/07/31 23:08:12 walker.go:242: walking of {file:///home/loganmancuso/Documents/Backups/os-init/secrets/programs/vivaldi/vivaldi/Guest%20Profile/Storage/ext/mpognobbkildjkofajifpdfhcoklimli/def/DawnGraphiteCache} finished
2024/07/31 23:08:12 walker.go:242: walking of {file:///home/loganmancuso/Documents/Backups/os-init/secrets/programs/vivaldi/vivaldi/Guest%20Profile/Storage/ext/mpognobbkildjkofajifpdfhcoklimli/def/DawnWebGPUCache} finished
2024/07/31 23:08:12 walker.go:242: walking of {file:///home/loganmancuso/Documents/Backups/os-init/secrets/programs/vivaldi/vivaldi/Guest%20Profile/Storage/ext/mpognobbkildjkofajifpdfhcoklimli/def/GPUCache} finished
2024/07/31 23:08:12 walker.go:242: walking of {file:///home/loganmancuso/Documents/Backups/os-init/secrets/programs/vivaldi/vivaldi/Guest%20Profile/Storage/ext/mpognobbkildjkofajifpdfhcoklimli/def/IndexedDB/chrome-extension_mpognobbkildjkofajifpdfhcoklimli_0.indexeddb.leveldb} finished
2024/07/31 23:08:12 walker.go:242: walking of {file:///home/loganmancuso/Documents/Backups/os-init/secrets/programs/vivaldi/vivaldi/Guest%20Profile/Storage/ext/mpognobbkildjkofajifpdfhcoklimli/def/IndexedDB} finished
2024/07/31 23:08:12 walker.go:242: walking of {file:///home/loganmancuso/Documents/Backups/os-init/secrets/programs/vivaldi/vivaldi/Guest%20Profile/Storage/ext/mpognobbkildjkofajifpdfhcoklimli/def/Local%20Storage/leveldb} finished
2024/07/31 23:08:12 walker.go:242: walking of {file:///home/loganmancuso/Documents/Backups/os-init/secrets/programs/vivaldi/vivaldi/Guest%20Profile/Storage/ext/mpognobbkildjkofajifpdfhcoklimli/def/Local%20Storage} finished
2024/07/31 23:08:12 walker.go:242: walking of {file:///home/loganmancuso/Documents/Backups/os-init/secrets/programs/vivaldi/vivaldi/Guest%20Profile/Storage/ext/mpognobbkildjkofajifpdfhcoklimli/def/Service%20Worker/Database} finished
2024/07/31 23:08:12 walker.go:242: walking of {file:///home/loganmancuso/Documents/Backups/os-init/secrets/programs/vivaldi/vivaldi/Guest%20Profile/Storage/ext/mpognobbkildjkofajifpdfhcoklimli/def/Service%20Worker/ScriptCache/index-dir} finished
2024/07/31 23:08:12 walker.go:242: walking of {file:///home/loganmancuso/Documents/Backups/os-init/secrets/programs/vivaldi/vivaldi/Guest%20Profile/Storage/ext/mpognobbkildjkofajifpdfhcoklimli/def/Service%20Worker/ScriptCache} finished
2024/07/31 23:08:12 walker.go:242: walking of {file:///home/loganmancuso/Documents/Backups/os-init/secrets/programs/vivaldi/vivaldi/Guest%20Profile/Storage/ext/mpognobbkildjkofajifpdfhcoklimli/def/Service%20Worker} finished
2024/07/31 23:08:12 walker.go:242: walking of {file:///home/loganmancuso/Documents/Backups/os-init/secrets/programs/vivaldi/vivaldi/Guest%20Profile/Storage/ext/mpognobbkildjkofajifpdfhcoklimli/def/Session%20Storage} finished
2024/07/31 23:08:13 walker.go:242: walking of {file:///home/loganmancuso/Documents/Backups/os-init/secrets/programs/vivaldi/vivaldi/Guest%20Profile/Storage/ext/mpognobbkildjkofajifpdfhcoklimli/def/Shared%20Dictionary/cache/index-dir} finished
2024/07/31 23:08:13 walker.go:242: walking of {file:///home/loganmancuso/Documents/Backups/os-init/secrets/programs/vivaldi/vivaldi/Guest%20Profile/Storage/ext/mpognobbkildjkofajifpdfhcoklimli/def/Shared%20Dictionary/cache} finished
2024/07/31 23:08:13 walker.go:242: walking of {file:///home/loganmancuso/Documents/Backups/os-init/secrets/programs/vivaldi/vivaldi/Guest%20Profile/Storage/ext/mpognobbkildjkofajifpdfhcoklimli/def/Shared%20Dictionary} finished
2024/07/31 23:08:13 walker.go:242: walking of {file:///home/loganmancuso/Documents/Backups/os-init/secrets/programs/vivaldi/vivaldi/Guest%20Profile/Storage/ext/mpognobbkildjkofajifpdfhcoklimli/def/WebStorage} finished
2024/07/31 23:08:13 walker.go:242: walking of {file:///home/loganmancuso/Documents/Backups/os-init/secrets/programs/vivaldi/vivaldi/Guest%20Profile/Storage/ext/mpognobbkildjkofajifpdfhcoklimli/def} finished
2024/07/31 23:08:13 walker.go:242: walking of {file:///home/loganmancuso/Documents/Backups/os-init/secrets/programs/vivaldi/vivaldi/Guest%20Profile/Storage/ext/mpognobbkildjkofajifpdfhcoklimli} finished
2024/07/31 23:08:13 walker.go:242: walking of {file:///home/loganmancuso/Documents/Backups/os-init/secrets/programs/vivaldi/vivaldi/Guest%20Profile/Storage/ext} finished
2024/07/31 23:08:13 walker.go:242: walking of {file:///home/loganmancuso/Documents/Backups/os-init/secrets/programs/vivaldi/vivaldi/Guest%20Profile/Storage} finished
2024/07/31 23:08:13 walker.go:242: walking of {file:///home/loganmancuso/Documents/Backups/os-init/secrets/programs/vivaldi/vivaldi/Guest%20Profile/Sync%20Data/LevelDB} finished
2024/07/31 23:08:13 walker.go:242: walking of {file:///home/loganmancuso/Documents/Backups/os-init/secrets/programs/vivaldi/vivaldi/Guest%20Profile/Sync%20Data} finished
2024/07/31 23:08:13 walker.go:242: walking of {file:///home/loganmancuso/Documents/Backups/os-init/secrets/programs/vivaldi/vivaldi/Guest%20Profile/SyncedFiles} finished
2024/07/31 23:08:13 walker.go:242: walking of {file:///home/loganmancuso/Documents/Backups/os-init/secrets/programs/vivaldi/vivaldi/Guest%20Profile/VivaldiDirectMatchIcons} finished
2024/07/31 23:08:13 walker.go:242: walking of {file:///home/loganmancuso/Documents/Backups/os-init/secrets/programs/vivaldi/vivaldi/Guest%20Profile/blob_storage/71df822b-fdad-4a9a-8b2e-fec62f0b7fd8} finished
2024/07/31 23:08:13 walker.go:242: walking of {file:///home/loganmancuso/Documents/Backups/os-init/secrets/programs/vivaldi/vivaldi/Guest%20Profile/blob_storage} finished
2024/07/31 23:08:13 walker.go:242: walking of {file:///home/loganmancuso/Documents/Backups/os-init/secrets/programs/vivaldi/vivaldi/Guest%20Profile/commerce_subscription_db} finished
2024/07/31 23:08:13 walker.go:242: walking of {file:///home/loganmancuso/Documents/Backups/os-init/secrets/programs/vivaldi/vivaldi/Guest%20Profile/discounts_db} finished
2024/07/31 23:08:13 walker.go:242: walking of {file:///home/loganmancuso/Documents/Backups/os-init/secrets/programs/vivaldi/vivaldi/Guest%20Profile/parcel_tracking_db} finished
2024/07/31 23:08:13 walker.go:242: walking of {file:///home/loganmancuso/Documents/Backups/os-init/secrets/programs/vivaldi/vivaldi/Guest%20Profile/shared_proto_db/metadata} finished
2024/07/31 23:08:13 walker.go:242: walking of {file:///home/loganmancuso/Documents/Backups/os-init/secrets/programs/vivaldi/vivaldi/Guest%20Profile/shared_proto_db} finished
2024/07/31 23:08:13 walker.go:242: walking of {file:///home/loganmancuso/Documents/Backups/os-init/secrets/programs/vivaldi/vivaldi/Guest%20Profile} finished
2024/07/31 23:08:13 walker.go:242: walking of {file:///home/loganmancuso/Documents/Backups/os-init/secrets/programs/vivaldi/vivaldi/Local%20Traces} finished
2024/07/31 23:08:13 walker.go:242: walking of {file:///home/loganmancuso/Documents/Backups/os-init/secrets/programs/vivaldi/vivaldi/MEIPreload} finished
2024/07/31 23:08:13 walker.go:242: walking of {file:///home/loganmancuso/Documents/Backups/os-init/secrets/programs/vivaldi/vivaldi/NativeMessagingHosts} finished
2024/07/31 23:08:13 walker.go:242: walking of {file:///home/loganmancuso/Documents/Backups/os-init/secrets/programs/vivaldi/vivaldi/OnDeviceHeadSuggestModel/20240628.648210897.14/_metadata} finished
2024/07/31 23:08:13 walker.go:242: walking of {file:///home/loganmancuso/Documents/Backups/os-init/secrets/programs/vivaldi/vivaldi/OnDeviceHeadSuggestModel/20240628.648210897.14} finished
2024/07/31 23:08:13 walker.go:242: walking of {file:///home/loganmancuso/Documents/Backups/os-init/secrets/programs/vivaldi/vivaldi/OnDeviceHeadSuggestModel/20240715.653820789.14/_metadata} finished
2024/07/31 23:08:13 walker.go:242: walking of {file:///home/loganmancuso/Documents/Backups/os-init/secrets/programs/vivaldi/vivaldi/OnDeviceHeadSuggestModel/20240715.653820789.14} finished
2024/07/31 23:08:13 walker.go:242: walking of {file:///home/loganmancuso/Documents/Backups/os-init/secrets/programs/vivaldi/vivaldi/OnDeviceHeadSuggestModel} finished
2024/07/31 23:08:13 walker.go:242: walking of {file:///home/loganmancuso/Documents/Backups/os-init/secrets/programs/vivaldi/vivaldi/OriginTrials/1.0.0.16/_metadata} finished
2024/07/31 23:08:13 walker.go:242: walking of {file:///home/loganmancuso/Documents/Backups/os-init/secrets/programs/vivaldi/vivaldi/OriginTrials/1.0.0.16} finished
2024/07/31 23:08:13 walker.go:242: walking of {file:///home/loganmancuso/Documents/Backups/os-init/secrets/programs/vivaldi/vivaldi/OriginTrials/1.0.0.17/_metadata} finished
2024/07/31 23:08:13 walker.go:242: walking of {file:///home/loganmancuso/Documents/Backups/os-init/secrets/programs/vivaldi/vivaldi/OriginTrials/1.0.0.17} finished
2024/07/31 23:08:13 walker.go:242: walking of {file:///home/loganmancuso/Documents/Backups/os-init/secrets/programs/vivaldi/vivaldi/OriginTrials} finished
2024/07/31 23:08:13 walker.go:242: walking of {file:///home/loganmancuso/Documents/Backups/os-init/secrets/programs/vivaldi/vivaldi/PKIMetadata/1014/_metadata} finished
2024/07/31 23:08:13 walker.go:242: walking of {file:///home/loganmancuso/Documents/Backups/os-init/secrets/programs/vivaldi/vivaldi/PKIMetadata/1014} finished
2024/07/31 23:08:13 walker.go:242: walking of {file:///home/loganmancuso/Documents/Backups/os-init/secrets/programs/vivaldi/vivaldi/PKIMetadata/1024/_metadata} finished
2024/07/31 23:08:13 walker.go:242: walking of {file:///home/loganmancuso/Documents/Backups/os-init/secrets/programs/vivaldi/vivaldi/PKIMetadata/1024} finished
2024/07/31 23:08:13 walker.go:242: walking of {file:///home/loganmancuso/Documents/Backups/os-init/secrets/programs/vivaldi/vivaldi/PKIMetadata/1029/_metadata} finished
2024/07/31 23:08:13 walker.go:242: walking of {file:///home/loganmancuso/Documents/Backups/os-init/secrets/programs/vivaldi/vivaldi/PKIMetadata/1029} finished
2024/07/31 23:08:13 walker.go:242: walking of {file:///home/loganmancuso/Documents/Backups/os-init/secrets/programs/vivaldi/vivaldi/PKIMetadata} finished
2024/07/31 23:08:13 walker.go:242: walking of {file:///home/loganmancuso/Documents/Backups/os-init/secrets/programs/vivaldi/vivaldi/SSLErrorAssistant/7/_metadata} finished
2024/07/31 23:08:13 walker.go:242: walking of {file:///home/loganmancuso/Documents/Backups/os-init/secrets/programs/vivaldi/vivaldi/SSLErrorAssistant/7} finished
2024/07/31 23:08:13 walker.go:242: walking of {file:///home/loganmancuso/Documents/Backups/os-init/secrets/programs/vivaldi/vivaldi/SSLErrorAssistant} finished
2024/07/31 23:08:13 walker.go:242: walking of {file:///home/loganmancuso/Documents/Backups/os-init/secrets/programs/vivaldi/vivaldi/Safe%20Browsing} finished
2024/07/31 23:08:13 walker.go:242: walking of {file:///home/loganmancuso/Documents/Backups/os-init/secrets/programs/vivaldi/vivaldi/SafetyTips/3034/_metadata} finished
2024/07/31 23:08:13 walker.go:242: walking of {file:///home/loganmancuso/Documents/Backups/os-init/secrets/programs/vivaldi/vivaldi/SafetyTips/3034} finished
2024/07/31 23:08:13 walker.go:242: walking of {file:///home/loganmancuso/Documents/Backups/os-init/secrets/programs/vivaldi/vivaldi/SafetyTips/3036/_metadata} finished
2024/07/31 23:08:13 walker.go:242: walking of {file:///home/loganmancuso/Documents/Backups/os-init/secrets/programs/vivaldi/vivaldi/SafetyTips/3036} finished
2024/07/31 23:08:13 walker.go:242: walking of {file:///home/loganmancuso/Documents/Backups/os-init/secrets/programs/vivaldi/vivaldi/SafetyTips} finished
2024/07/31 23:08:13 walker.go:242: walking of {file:///home/loganmancuso/Documents/Backups/os-init/secrets/programs/vivaldi/vivaldi/ShaderCache} finished
2024/07/31 23:08:13 walker.go:242: walking of {file:///home/loganmancuso/Documents/Backups/os-init/secrets/programs/vivaldi/vivaldi/Subresource%20Filter/Indexed%20Rules/36/9.49.1} finished
2024/07/31 23:08:13 walker.go:242: walking of {file:///home/loganmancuso/Documents/Backups/os-init/secrets/programs/vivaldi/vivaldi/Subresource%20Filter/Indexed%20Rules/36} finished
2024/07/31 23:08:13 walker.go:242: walking of {file:///home/loganmancuso/Documents/Backups/os-init/secrets/programs/vivaldi/vivaldi/Subresource%20Filter/Indexed%20Rules} finished
2024/07/31 23:08:13 walker.go:242: walking of {file:///home/loganmancuso/Documents/Backups/os-init/secrets/programs/vivaldi/vivaldi/Subresource%20Filter/Unindexed%20Rules/9.49.1/_metadata} finished
2024/07/31 23:08:13 walker.go:242: walking of {file:///home/loganmancuso/Documents/Backups/os-init/secrets/programs/vivaldi/vivaldi/Subresource%20Filter/Unindexed%20Rules/9.49.1} finished
2024/07/31 23:08:13 walker.go:242: walking of {file:///home/loganmancuso/Documents/Backups/os-init/secrets/programs/vivaldi/vivaldi/Subresource%20Filter/Unindexed%20Rules} finished
2024/07/31 23:08:13 walker.go:242: walking of {file:///home/loganmancuso/Documents/Backups/os-init/secrets/programs/vivaldi/vivaldi/Subresource%20Filter} finished
2024/07/31 23:08:13 walker.go:242: walking of {file:///home/loganmancuso/Documents/Backups/os-init/secrets/programs/vivaldi/vivaldi/System%20Profile/AdBlockRules/AdBlocking} finished
2024/07/31 23:08:13 walker.go:242: walking of {file:///home/loganmancuso/Documents/Backups/os-init/secrets/programs/vivaldi/vivaldi/System%20Profile/AdBlockRules/TrackerBlocking} finished
2024/07/31 23:08:13 walker.go:242: walking of {file:///home/loganmancuso/Documents/Backups/os-init/secrets/programs/vivaldi/vivaldi/System%20Profile/AdBlockRules} finished
2024/07/31 23:08:13 walker.go:242: walking of {file:///home/loganmancuso/Documents/Backups/os-init/secrets/programs/vivaldi/vivaldi/System%20Profile/Local%20Storage/leveldb} finished
2024/07/31 23:08:13 walker.go:242: walking of {file:///home/loganmancuso/Documents/Backups/os-init/secrets/programs/vivaldi/vivaldi/System%20Profile/Local%20Storage} finished
2024/07/31 23:08:13 walker.go:242: walking of {file:///home/loganmancuso/Documents/Backups/os-init/secrets/programs/vivaldi/vivaldi/System%20Profile/Shared%20Dictionary/cache/index-dir} finished
2024/07/31 23:08:13 walker.go:242: walking of {file:///home/loganmancuso/Documents/Backups/os-init/secrets/programs/vivaldi/vivaldi/System%20Profile/Shared%20Dictionary/cache} finished
2024/07/31 23:08:13 walker.go:242: walking of {file:///home/loganmancuso/Documents/Backups/os-init/secrets/programs/vivaldi/vivaldi/System%20Profile/Shared%20Dictionary} finished
2024/07/31 23:08:13 walker.go:242: walking of {file:///home/loganmancuso/Documents/Backups/os-init/secrets/programs/vivaldi/vivaldi/System%20Profile/SyncedFiles} finished
2024/07/31 23:08:13 walker.go:242: walking of {file:///home/loganmancuso/Documents/Backups/os-init/secrets/programs/vivaldi/vivaldi/System%20Profile/blob_storage/65a59c6c-8a65-4ebb-b520-c0142bb9ec0f} finished
2024/07/31 23:08:13 walker.go:242: walking of {file:///home/loganmancuso/Documents/Backups/os-init/secrets/programs/vivaldi/vivaldi/System%20Profile/blob_storage/66c84d5b-e8be-4d84-b715-273c8dedf93e} finished
2024/07/31 23:08:13 walker.go:242: walking of {file:///home/loganmancuso/Documents/Backups/os-init/secrets/programs/vivaldi/vivaldi/System%20Profile/blob_storage} finished
2024/07/31 23:08:13 walker.go:242: walking of {file:///home/loganmancuso/Documents/Backups/os-init/secrets/programs/vivaldi/vivaldi/System%20Profile} finished
2024/07/31 23:08:13 walker.go:242: walking of {file:///home/loganmancuso/Documents/Backups/os-init/secrets/programs/vivaldi/vivaldi/TpcdMetadata/2024.7.15.1/_metadata} finished
2024/07/31 23:08:13 walker.go:242: walking of {file:///home/loganmancuso/Documents/Backups/os-init/secrets/programs/vivaldi/vivaldi/TpcdMetadata/2024.7.15.1} finished
2024/07/31 23:08:13 walker.go:242: walking of {file:///home/loganmancuso/Documents/Backups/os-init/secrets/programs/vivaldi/vivaldi/TpcdMetadata/2024.7.16.1/_metadata} finished
2024/07/31 23:08:13 walker.go:242: walking of {file:///home/loganmancuso/Documents/Backups/os-init/secrets/programs/vivaldi/vivaldi/TpcdMetadata/2024.7.16.1} finished
2024/07/31 23:08:13 walker.go:242: walking of {file:///home/loganmancuso/Documents/Backups/os-init/secrets/programs/vivaldi/vivaldi/TpcdMetadata/2024.7.24.2/_metadata} finished
2024/07/31 23:08:13 walker.go:242: walking of {file:///home/loganmancuso/Documents/Backups/os-init/secrets/programs/vivaldi/vivaldi/TpcdMetadata/2024.7.24.2} finished
2024/07/31 23:08:13 walker.go:242: walking of {file:///home/loganmancuso/Documents/Backups/os-init/secrets/programs/vivaldi/vivaldi/TpcdMetadata/2024.7.26.2/_metadata} finished
2024/07/31 23:08:13 walker.go:242: walking of {file:///home/loganmancuso/Documents/Backups/os-init/secrets/programs/vivaldi/vivaldi/TpcdMetadata/2024.7.26.2} finished
2024/07/31 23:08:13 walker.go:242: walking of {file:///home/loganmancuso/Documents/Backups/os-init/secrets/programs/vivaldi/vivaldi/TpcdMetadata/2024.7.28.1/_metadata} finished
2024/07/31 23:08:13 walker.go:242: walking of {file:///home/loganmancuso/Documents/Backups/os-init/secrets/programs/vivaldi/vivaldi/TpcdMetadata/2024.7.28.1} finished
2024/07/31 23:08:13 walker.go:242: walking of {file:///home/loganmancuso/Documents/Backups/os-init/secrets/programs/vivaldi/vivaldi/TpcdMetadata} finished
2024/07/31 23:08:13 walker.go:242: walking of {file:///home/loganmancuso/Documents/Backups/os-init/secrets/programs/vivaldi/vivaldi/TrustTokenKeyCommitments/2024.6.30.1/_metadata} finished
2024/07/31 23:08:13 walker.go:242: walking of {file:///home/loganmancuso/Documents/Backups/os-init/secrets/programs/vivaldi/vivaldi/TrustTokenKeyCommitments/2024.6.30.1} finished
2024/07/31 23:08:13 walker.go:242: walking of {file:///home/loganmancuso/Documents/Backups/os-init/secrets/programs/vivaldi/vivaldi/TrustTokenKeyCommitments/2024.7.17.3/_metadata} finished
2024/07/31 23:08:13 walker.go:242: walking of {file:///home/loganmancuso/Documents/Backups/os-init/secrets/programs/vivaldi/vivaldi/TrustTokenKeyCommitments/2024.7.17.3} finished
2024/07/31 23:08:13 walker.go:242: walking of {file:///home/loganmancuso/Documents/Backups/os-init/secrets/programs/vivaldi/vivaldi/TrustTokenKeyCommitments/2024.7.17.4/_metadata} finished
2024/07/31 23:08:13 walker.go:242: walking of {file:///home/loganmancuso/Documents/Backups/os-init/secrets/programs/vivaldi/vivaldi/TrustTokenKeyCommitments/2024.7.17.4} finished
2024/07/31 23:08:13 walker.go:242: walking of {file:///home/loganmancuso/Documents/Backups/os-init/secrets/programs/vivaldi/vivaldi/TrustTokenKeyCommitments/2024.7.26.1/_metadata} finished
2024/07/31 23:08:13 walker.go:242: walking of {file:///home/loganmancuso/Documents/Backups/os-init/secrets/programs/vivaldi/vivaldi/TrustTokenKeyCommitments/2024.7.26.1} finished
2024/07/31 23:08:13 walker.go:242: walking of {file:///home/loganmancuso/Documents/Backups/os-init/secrets/programs/vivaldi/vivaldi/TrustTokenKeyCommitments/2024.7.29.1/_metadata} finished
2024/07/31 23:08:13 walker.go:242: walking of {file:///home/loganmancuso/Documents/Backups/os-init/secrets/programs/vivaldi/vivaldi/TrustTokenKeyCommitments/2024.7.29.1} finished
2024/07/31 23:08:13 walker.go:242: walking of {file:///home/loganmancuso/Documents/Backups/os-init/secrets/programs/vivaldi/vivaldi/TrustTokenKeyCommitments} finished
2024/07/31 23:08:13 walker.go:242: walking of {file:///home/loganmancuso/Documents/Backups/os-init/secrets/programs/vivaldi/vivaldi/Webstore%20Downloads} finished
2024/07/31 23:08:13 walker.go:242: walking of {file:///home/loganmancuso/Documents/Backups/os-init/secrets/programs/vivaldi/vivaldi/WidevineCdm/4.10.2710.0/_metadata} finished
2024/07/31 23:08:13 walker.go:242: walking of {file:///home/loganmancuso/Documents/Backups/os-init/secrets/programs/vivaldi/vivaldi/WidevineCdm/4.10.2710.0/_platform_specific/linux_x64} finished
2024/07/31 23:08:13 walker.go:242: walking of {file:///home/loganmancuso/Documents/Backups/os-init/secrets/programs/vivaldi/vivaldi/WidevineCdm/4.10.2710.0/_platform_specific} finished
2024/07/31 23:08:13 walker.go:242: walking of {file:///home/loganmancuso/Documents/Backups/os-init/secrets/programs/vivaldi/vivaldi/WidevineCdm/4.10.2710.0} finished
2024/07/31 23:08:13 walker.go:242: walking of {file:///home/loganmancuso/Documents/Backups/os-init/secrets/programs/vivaldi/vivaldi/WidevineCdm} finished
2024/07/31 23:08:13 walker.go:242: walking of {file:///home/loganmancuso/Documents/Backups/os-init/secrets/programs/vivaldi/vivaldi/ZxcvbnData/3/_metadata} finished
2024/07/31 23:08:13 walker.go:242: walking of {file:///home/loganmancuso/Documents/Backups/os-init/secrets/programs/vivaldi/vivaldi/ZxcvbnData/3} finished
2024/07/31 23:08:13 walker.go:242: walking of {file:///home/loganmancuso/Documents/Backups/os-init/secrets/programs/vivaldi/vivaldi/ZxcvbnData} finished
2024/07/31 23:08:13 walker.go:242: walking of {file:///home/loganmancuso/Documents/Backups/os-init/secrets/programs/vivaldi/vivaldi/component_crx_cache} finished
2024/07/31 23:08:13 walker.go:242: walking of {file:///home/loganmancuso/Documents/Backups/os-init/secrets/programs/vivaldi/vivaldi/hyphen-data/120.0.6050.0/_metadata} finished
2024/07/31 23:08:13 walker.go:242: walking of {file:///home/loganmancuso/Documents/Backups/os-init/secrets/programs/vivaldi/vivaldi/hyphen-data/120.0.6050.0} finished
2024/07/31 23:08:13 walker.go:242: walking of {file:///home/loganmancuso/Documents/Backups/os-init/secrets/programs/vivaldi/vivaldi/hyphen-data} finished
2024/07/31 23:08:13 walker.go:242: walking of {file:///home/loganmancuso/Documents/Backups/os-init/secrets/programs/vivaldi/vivaldi} finished
2024/07/31 23:08:13 walker.go:242: walking of {file:///home/loganmancuso/Documents/Backups/os-init/secrets/programs/vivaldi} finished
2024/07/31 23:08:13 walker.go:242: walking of {file:///home/loganmancuso/Documents/Backups/os-init/secrets/programs} finished
2024/07/31 23:08:13 walker.go:242: walking of {file:///home/loganmancuso/Documents/Backups/os-init/secrets/ssh/.ssh} finished
2024/07/31 23:08:13 walker.go:242: walking of {file:///home/loganmancuso/Documents/Backups/os-init/secrets/ssh} finished
2024/07/31 23:08:13 walker.go:242: walking of {file:///home/loganmancuso/Documents/Backups/os-init/secrets} finished
2024/07/31 23:08:13 walker.go:242: walking of {file:///home/loganmancuso/Documents/Backups/os-init/vivaldi/AutofillStates/2024.7.12.235938/_metadata} finished
2024/07/31 23:08:13 walker.go:242: walking of {file:///home/loganmancuso/Documents/Backups/os-init/vivaldi/AutofillStates/2024.7.12.235938} finished
2024/07/31 23:08:13 walker.go:242: walking of {file:///home/loganmancuso/Documents/Backups/os-init/vivaldi/AutofillStates} finished
2024/07/31 23:08:13 walker.go:242: walking of {file:///home/loganmancuso/Documents/Backups/os-init/vivaldi/CertificateRevocation/8944/_metadata} finished
2024/07/31 23:08:13 walker.go:242: walking of {file:///home/loganmancuso/Documents/Backups/os-init/vivaldi/CertificateRevocation/8944} finished
2024/07/31 23:08:13 walker.go:242: walking of {file:///home/loganmancuso/Documents/Backups/os-init/vivaldi/CertificateRevocation/8945/_metadata} finished
2024/07/31 23:08:13 walker.go:242: walking of {file:///home/loganmancuso/Documents/Backups/os-init/vivaldi/CertificateRevocation/8945} finished
2024/07/31 23:08:13 walker.go:242: walking of {file:///home/loganmancuso/Documents/Backups/os-init/vivaldi/CertificateRevocation} finished
2024/07/31 23:08:13 walker.go:242: walking of {file:///home/loganmancuso/Documents/Backups/os-init/vivaldi/Crash%20Reports/attachments} finished
2024/07/31 23:08:13 walker.go:242: walking of {file:///home/loganmancuso/Documents/Backups/os-init/vivaldi/Crash%20Reports/completed} finished
2024/07/31 23:08:13 walker.go:242: walking of {file:///home/loganmancuso/Documents/Backups/os-init/vivaldi/Crash%20Reports/new} finished
2024/07/31 23:08:13 walker.go:242: walking of {file:///home/loganmancuso/Documents/Backups/os-init/vivaldi/Crash%20Reports/pending} finished
2024/07/31 23:08:13 walker.go:242: walking of {file:///home/loganmancuso/Documents/Backups/os-init/vivaldi/Crash%20Reports} finished
2024/07/31 23:08:13 walker.go:242: walking of {file:///home/loganmancuso/Documents/Backups/os-init/vivaldi/Crowd%20Deny/2023.11.29.1201/_metadata} finished
2024/07/31 23:08:13 walker.go:242: walking of {file:///home/loganmancuso/Documents/Backups/os-init/vivaldi/Crowd%20Deny/2023.11.29.1201} finished
2024/07/31 23:08:13 walker.go:242: walking of {file:///home/loganmancuso/Documents/Backups/os-init/vivaldi/Crowd%20Deny} finished
2024/07/31 23:08:13 walker.go:242: walking of {file:///home/loganmancuso/Documents/Backups/os-init/vivaldi/Default/AdBlockRules/AdBlocking} finished
2024/07/31 23:08:13 walker.go:242: walking of {file:///home/loganmancuso/Documents/Backups/os-init/vivaldi/Default/AdBlockRules/TrackerBlocking} finished
2024/07/31 23:08:13 walker.go:242: walking of {file:///home/loganmancuso/Documents/Backups/os-init/vivaldi/Default/AdBlockRules} finished
2024/07/31 23:08:13 walker.go:242: walking of {file:///home/loganmancuso/Documents/Backups/os-init/vivaldi/Default/AutofillStrikeDatabase} finished
2024/07/31 23:08:13 walker.go:242: walking of {file:///home/loganmancuso/Documents/Backups/os-init/vivaldi/Default/BudgetDatabase} finished
2024/07/31 23:08:13 walker.go:242: walking of {file:///home/loganmancuso/Documents/Backups/os-init/vivaldi/Default/ClientCertificates} finished
2024/07/31 23:08:13 walker.go:242: walking of {file:///home/loganmancuso/Documents/Backups/os-init/vivaldi/Default/DawnGraphiteCache} finished
2024/07/31 23:08:13 walker.go:242: walking of {file:///home/loganmancuso/Documents/Backups/os-init/vivaldi/Default/DawnWebGPUCache} finished
2024/07/31 23:08:13 walker.go:242: walking of {file:///home/loganmancuso/Documents/Backups/os-init/vivaldi/Default/Extension%20Rules} finished
2024/07/31 23:08:13 walker.go:242: walking of {file:///home/loganmancuso/Documents/Backups/os-init/vivaldi/Default/Extension%20Scripts} finished
2024/07/31 23:08:13 walker.go:242: walking of {file:///home/loganmancuso/Documents/Backups/os-init/vivaldi/Default/Extension%20State} finished
2024/07/31 23:08:13 walker.go:242: walking of {file:///home/loganmancuso/Documents/Backups/os-init/vivaldi/Default/Extensions/nngceckbapebfimnlniiiahkandclblb/2024.6.2_0/_locales/ar} finished
2024/07/31 23:08:13 walker.go:242: walking of {file:///home/loganmancuso/Documents/Backups/os-init/vivaldi/Default/Extensions/nngceckbapebfimnlniiiahkandclblb/2024.6.2_0/_locales/az} finished
2024/07/31 23:08:13 walker.go:242: walking of {file:///home/loganmancuso/Documents/Backups/os-init/vivaldi/Default/Extensions/nngceckbapebfimnlniiiahkandclblb/2024.6.2_0/_locales/be} finished
2024/07/31 23:08:13 walker.go:242: walking of {file:///home/loganmancuso/Documents/Backups/os-init/vivaldi/Default/Extensions/nngceckbapebfimnlniiiahkandclblb/2024.6.2_0/_locales/bg} finished
2024/07/31 23:08:13 walker.go:242: walking of {file:///home/loganmancuso/Documents/Backups/os-init/vivaldi/Default/Extensions/nngceckbapebfimnlniiiahkandclblb/2024.6.2_0/_locales/bn} finished
2024/07/31 23:08:13 walker.go:242: walking of {file:///home/loganmancuso/Documents/Backups/os-init/vivaldi/Default/Extensions/nngceckbapebfimnlniiiahkandclblb/2024.6.2_0/_locales/bs} finished
2024/07/31 23:08:13 walker.go:242: walking of {file:///home/loganmancuso/Documents/Backups/os-init/vivaldi/Default/Extensions/nngceckbapebfimnlniiiahkandclblb/2024.6.2_0/_locales/ca} finished
2024/07/31 23:08:13 walker.go:242: walking of {file:///home/loganmancuso/Documents/Backups/os-init/vivaldi/Default/Extensions/nngceckbapebfimnlniiiahkandclblb/2024.6.2_0/_locales/cs} finished
2024/07/31 23:08:13 walker.go:242: walking of {file:///home/loganmancuso/Documents/Backups/os-init/vivaldi/Default/Extensions/nngceckbapebfimnlniiiahkandclblb/2024.6.2_0/_locales/cy} finished
2024/07/31 23:08:13 walker.go:242: walking of {file:///home/loganmancuso/Documents/Backups/os-init/vivaldi/Default/Extensions/nngceckbapebfimnlniiiahkandclblb/2024.6.2_0/_locales/da} finished
2024/07/31 23:08:13 walker.go:242: walking of {file:///home/loganmancuso/Documents/Backups/os-init/vivaldi/Default/Extensions/nngceckbapebfimnlniiiahkandclblb/2024.6.2_0/_locales/de} finished
2024/07/31 23:08:13 walker.go:242: walking of {file:///home/loganmancuso/Documents/Backups/os-init/vivaldi/Default/Extensions/nngceckbapebfimnlniiiahkandclblb/2024.6.2_0/_locales/el} finished
2024/07/31 23:08:13 walker.go:242: walking of {file:///home/loganmancuso/Documents/Backups/os-init/vivaldi/Default/Extensions/nngceckbapebfimnlniiiahkandclblb/2024.6.2_0/_locales/en} finished
2024/07/31 23:08:13 walker.go:242: walking of {file:///home/loganmancuso/Documents/Backups/os-init/vivaldi/Default/Extensions/nngceckbapebfimnlniiiahkandclblb/2024.6.2_0/_locales/en_GB} finished
2024/07/31 23:08:13 walker.go:242: walking of {file:///home/loganmancuso/Documents/Backups/os-init/vivaldi/Default/Extensions/nngceckbapebfimnlniiiahkandclblb/2024.6.2_0/_locales/en_IN} finished
2024/07/31 23:08:13 walker.go:242: walking of {file:///home/loganmancuso/Documents/Backups/os-init/vivaldi/Default/Extensions/nngceckbapebfimnlniiiahkandclblb/2024.6.2_0/_locales/es} finished
2024/07/31 23:08:13 walker.go:242: walking of {file:///home/loganmancuso/Documents/Backups/os-init/vivaldi/Default/Extensions/nngceckbapebfimnlniiiahkandclblb/2024.6.2_0/_locales/et} finished
2024/07/31 23:08:13 walker.go:242: walking of {file:///home/loganmancuso/Documents/Backups/os-init/vivaldi/Default/Extensions/nngceckbapebfimnlniiiahkandclblb/2024.6.2_0/_locales/eu} finished
2024/07/31 23:08:13 walker.go:242: walking of {file:///home/loganmancuso/Documents/Backups/os-init/vivaldi/Default/Extensions/nngceckbapebfimnlniiiahkandclblb/2024.6.2_0/_locales/fa} finished
2024/07/31 23:08:13 walker.go:242: walking of {file:///home/loganmancuso/Documents/Backups/os-init/vivaldi/Default/Extensions/nngceckbapebfimnlniiiahkandclblb/2024.6.2_0/_locales/fi} finished
2024/07/31 23:08:13 walker.go:242: walking of {file:///home/loganmancuso/Documents/Backups/os-init/vivaldi/Default/Extensions/nngceckbapebfimnlniiiahkandclblb/2024.6.2_0/_locales/fil} finished
2024/07/31 23:08:13 walker.go:242: walking of {file:///home/loganmancuso/Documents/Backups/os-init/vivaldi/Default/Extensions/nngceckbapebfimnlniiiahkandclblb/2024.6.2_0/_locales/fr} finished
2024/07/31 23:08:13 walker.go:242: walking of {file:///home/loganmancuso/Documents/Backups/os-init/vivaldi/Default/Extensions/nngceckbapebfimnlniiiahkandclblb/2024.6.2_0/_locales/gl} finished
2024/07/31 23:08:13 walker.go:242: walking of {file:///home/loganmancuso/Documents/Backups/os-init/vivaldi/Default/Extensions/nngceckbapebfimnlniiiahkandclblb/2024.6.2_0/_locales/he} finished
2024/07/31 23:08:13 walker.go:242: walking of {file:///home/loganmancuso/Documents/Backups/os-init/vivaldi/Default/Extensions/nngceckbapebfimnlniiiahkandclblb/2024.6.2_0/_locales/hi} finished
2024/07/31 23:08:13 walker.go:242: walking of {file:///home/loganmancuso/Documents/Backups/os-init/vivaldi/Default/Extensions/nngceckbapebfimnlniiiahkandclblb/2024.6.2_0/_locales/hr} finished
2024/07/31 23:08:13 walker.go:242: walking of {file:///home/loganmancuso/Documents/Backups/os-init/vivaldi/Default/Extensions/nngceckbapebfimnlniiiahkandclblb/2024.6.2_0/_locales/hu} finished
2024/07/31 23:08:13 walker.go:242: walking of {file:///home/loganmancuso/Documents/Backups/os-init/vivaldi/Default/Extensions/nngceckbapebfimnlniiiahkandclblb/2024.6.2_0/_locales/id} finished
2024/07/31 23:08:13 walker.go:242: walking of {file:///home/loganmancuso/Documents/Backups/os-init/vivaldi/Default/Extensions/nngceckbapebfimnlniiiahkandclblb/2024.6.2_0/_locales/it} finished
2024/07/31 23:08:13 walker.go:242: walking of {file:///home/loganmancuso/Documents/Backups/os-init/vivaldi/Default/Extensions/nngceckbapebfimnlniiiahkandclblb/2024.6.2_0/_locales/ja} finished
2024/07/31 23:08:13 walker.go:242: walking of {file:///home/loganmancuso/Documents/Backups/os-init/vivaldi/Default/Extensions/nngceckbapebfimnlniiiahkandclblb/2024.6.2_0/_locales/ka} finished
2024/07/31 23:08:13 walker.go:242: walking of {file:///home/loganmancuso/Documents/Backups/os-init/vivaldi/Default/Extensions/nngceckbapebfimnlniiiahkandclblb/2024.6.2_0/_locales/km} finished
2024/07/31 23:08:13 walker.go:242: walking of {file:///home/loganmancuso/Documents/Backups/os-init/vivaldi/Default/Extensions/nngceckbapebfimnlniiiahkandclblb/2024.6.2_0/_locales/kn} finished
2024/07/31 23:08:13 walker.go:242: walking of {file:///home/loganmancuso/Documents/Backups/os-init/vivaldi/Default/Extensions/nngceckbapebfimnlniiiahkandclblb/2024.6.2_0/_locales/ko} finished
2024/07/31 23:08:13 walker.go:242: walking of {file:///home/loganmancuso/Documents/Backups/os-init/vivaldi/Default/Extensions/nngceckbapebfimnlniiiahkandclblb/2024.6.2_0/_locales/lt} finished
2024/07/31 23:08:13 walker.go:242: walking of {file:///home/loganmancuso/Documents/Backups/os-init/vivaldi/Default/Extensions/nngceckbapebfimnlniiiahkandclblb/2024.6.2_0/_locales/lv} finished
2024/07/31 23:08:13 walker.go:242: walking of {file:///home/loganmancuso/Documents/Backups/os-init/vivaldi/Default/Extensions/nngceckbapebfimnlniiiahkandclblb/2024.6.2_0/_locales/ml} finished
2024/07/31 23:08:13 walker.go:242: walking of {file:///home/loganmancuso/Documents/Backups/os-init/vivaldi/Default/Extensions/nngceckbapebfimnlniiiahkandclblb/2024.6.2_0/_locales/mr} finished
2024/07/31 23:08:13 walker.go:242: walking of {file:///home/loganmancuso/Documents/Backups/os-init/vivaldi/Default/Extensions/nngceckbapebfimnlniiiahkandclblb/2024.6.2_0/_locales/my} finished
2024/07/31 23:08:13 walker.go:242: walking of {file:///home/loganmancuso/Documents/Backups/os-init/vivaldi/Default/Extensions/nngceckbapebfimnlniiiahkandclblb/2024.6.2_0/_locales/nb} finished
2024/07/31 23:08:13 walker.go:242: walking of {file:///home/loganmancuso/Documents/Backups/os-init/vivaldi/Default/Extensions/nngceckbapebfimnlniiiahkandclblb/2024.6.2_0/_locales/ne} finished
2024/07/31 23:08:13 walker.go:242: walking of {file:///home/loganmancuso/Documents/Backups/os-init/vivaldi/Default/Extensions/nngceckbapebfimnlniiiahkandclblb/2024.6.2_0/_locales/nl} finished
2024/07/31 23:08:13 walker.go:242: walking of {file:///home/loganmancuso/Documents/Backups/os-init/vivaldi/Default/Extensions/nngceckbapebfimnlniiiahkandclblb/2024.6.2_0/_locales/nn} finished
2024/07/31 23:08:13 walker.go:242: walking of {file:///home/loganmancuso/Documents/Backups/os-init/vivaldi/Default/Extensions/nngceckbapebfimnlniiiahkandclblb/2024.6.2_0/_locales/or} finished
2024/07/31 23:08:13 walker.go:242: walking of {file:///home/loganmancuso/Documents/Backups/os-init/vivaldi/Default/Extensions/nngceckbapebfimnlniiiahkandclblb/2024.6.2_0/_locales/pl} finished
2024/07/31 23:08:13 walker.go:242: walking of {file:///home/loganmancuso/Documents/Backups/os-init/vivaldi/Default/Extensions/nngceckbapebfimnlniiiahkandclblb/2024.6.2_0/_locales/pt_BR} finished
2024/07/31 23:08:13 walker.go:242: walking of {file:///home/loganmancuso/Documents/Backups/os-init/vivaldi/Default/Extensions/nngceckbapebfimnlniiiahkandclblb/2024.6.2_0/_locales/pt_PT} finished
2024/07/31 23:08:13 walker.go:242: walking of {file:///home/loganmancuso/Documents/Backups/os-init/vivaldi/Default/Extensions/nngceckbapebfimnlniiiahkandclblb/2024.6.2_0/_locales/ro} finished
2024/07/31 23:08:13 walker.go:242: walking of {file:///home/loganmancuso/Documents/Backups/os-init/vivaldi/Default/Extensions/nngceckbapebfimnlniiiahkandclblb/2024.6.2_0/_locales/ru} finished
2024/07/31 23:08:13 walker.go:242: walking of {file:///home/loganmancuso/Documents/Backups/os-init/vivaldi/Default/Extensions/nngceckbapebfimnlniiiahkandclblb/2024.6.2_0/_locales/si} finished
2024/07/31 23:08:13 walker.go:242: walking of {file:///home/loganmancuso/Documents/Backups/os-init/vivaldi/Default/Extensions/nngceckbapebfimnlniiiahkandclblb/2024.6.2_0/_locales/sk} finished
2024/07/31 23:08:13 walker.go:242: walking of {file:///home/loganmancuso/Documents/Backups/os-init/vivaldi/Default/Extensions/nngceckbapebfimnlniiiahkandclblb/2024.6.2_0/_locales/sl} finished
2024/07/31 23:08:13 walker.go:242: walking of {file:///home/loganmancuso/Documents/Backups/os-init/vivaldi/Default/Extensions/nngceckbapebfimnlniiiahkandclblb/2024.6.2_0/_locales/sr} finished
2024/07/31 23:08:13 walker.go:242: walking of {file:///home/loganmancuso/Documents/Backups/os-init/vivaldi/Default/Extensions/nngceckbapebfimnlniiiahkandclblb/2024.6.2_0/_locales/sv} finished
2024/07/31 23:08:13 walker.go:242: walking of {file:///home/loganmancuso/Documents/Backups/os-init/vivaldi/Default/Extensions/nngceckbapebfimnlniiiahkandclblb/2024.6.2_0/_locales/te} finished
2024/07/31 23:08:13 walker.go:242: walking of {file:///home/loganmancuso/Documents/Backups/os-init/vivaldi/Default/Extensions/nngceckbapebfimnlniiiahkandclblb/2024.6.2_0/_locales/th} finished
2024/07/31 23:08:13 walker.go:242: walking of {file:///home/loganmancuso/Documents/Backups/os-init/vivaldi/Default/Extensions/nngceckbapebfimnlniiiahkandclblb/2024.6.2_0/_locales/tr} finished
2024/07/31 23:08:13 walker.go:242: walking of {file:///home/loganmancuso/Documents/Backups/os-init/vivaldi/Default/Extensions/nngceckbapebfimnlniiiahkandclblb/2024.6.2_0/_locales/uk} finished
2024/07/31 23:08:13 walker.go:242: walking of {file:///home/loganmancuso/Documents/Backups/os-init/vivaldi/Default/Extensions/nngceckbapebfimnlniiiahkandclblb/2024.6.2_0/_locales/vi} finished
2024/07/31 23:08:13 walker.go:242: walking of {file:///home/loganmancuso/Documents/Backups/os-init/vivaldi/Default/Extensions/nngceckbapebfimnlniiiahkandclblb/2024.6.2_0/_locales/zh_CN} finished
2024/07/31 23:08:13 walker.go:242: walking of {file:///home/loganmancuso/Documents/Backups/os-init/vivaldi/Default/Extensions/nngceckbapebfimnlniiiahkandclblb/2024.6.2_0/_locales/zh_TW} finished
2024/07/31 23:08:13 walker.go:242: walking of {file:///home/loganmancuso/Documents/Backups/os-init/vivaldi/Default/Extensions/nngceckbapebfimnlniiiahkandclblb/2024.6.2_0/_locales} finished
2024/07/31 23:08:13 walker.go:242: walking of {file:///home/loganmancuso/Documents/Backups/os-init/vivaldi/Default/Extensions/nngceckbapebfimnlniiiahkandclblb/2024.6.2_0/_metadata} finished
2024/07/31 23:08:13 walker.go:242: walking of {file:///home/loganmancuso/Documents/Backups/os-init/vivaldi/Default/Extensions/nngceckbapebfimnlniiiahkandclblb/2024.6.2_0/content/fido2} finished
2024/07/31 23:08:13 walker.go:242: walking of {file:///home/loganmancuso/Documents/Backups/os-init/vivaldi/Default/Extensions/nngceckbapebfimnlniiiahkandclblb/2024.6.2_0/content} finished
2024/07/31 23:08:13 walker.go:242: walking of {file:///home/loganmancuso/Documents/Backups/os-init/vivaldi/Default/Extensions/nngceckbapebfimnlniiiahkandclblb/2024.6.2_0/images} finished
2024/07/31 23:08:13 walker.go:242: walking of {file:///home/loganmancuso/Documents/Backups/os-init/vivaldi/Default/Extensions/nngceckbapebfimnlniiiahkandclblb/2024.6.2_0/notification} finished
2024/07/31 23:08:13 walker.go:242: walking of {file:///home/loganmancuso/Documents/Backups/os-init/vivaldi/Default/Extensions/nngceckbapebfimnlniiiahkandclblb/2024.6.2_0/offscreen-document} finished
2024/07/31 23:08:13 walker.go:242: walking of {file:///home/loganmancuso/Documents/Backups/os-init/vivaldi/Default/Extensions/nngceckbapebfimnlniiiahkandclblb/2024.6.2_0/overlay} finished
2024/07/31 23:08:13 walker.go:242: walking of {file:///home/loganmancuso/Documents/Backups/os-init/vivaldi/Default/Extensions/nngceckbapebfimnlniiiahkandclblb/2024.6.2_0/popup/fonts} finished
2024/07/31 23:08:13 walker.go:242: walking of {file:///home/loganmancuso/Documents/Backups/os-init/vivaldi/Default/Extensions/nngceckbapebfimnlniiiahkandclblb/2024.6.2_0/popup/images} finished
2024/07/31 23:08:13 walker.go:242: walking of {file:///home/loganmancuso/Documents/Backups/os-init/vivaldi/Default/Extensions/nngceckbapebfimnlniiiahkandclblb/2024.6.2_0/popup} finished
2024/07/31 23:08:13 walker.go:242: walking of {file:///home/loganmancuso/Documents/Backups/os-init/vivaldi/Default/Extensions/nngceckbapebfimnlniiiahkandclblb/2024.6.2_0} finished
2024/07/31 23:08:13 walker.go:242: walking of {file:///home/loganmancuso/Documents/Backups/os-init/vivaldi/Default/Extensions/nngceckbapebfimnlniiiahkandclblb} finished
2024/07/31 23:08:13 walker.go:242: walking of {file:///home/loganmancuso/Documents/Backups/os-init/vivaldi/Default/Extensions} finished
2024/07/31 23:08:13 walker.go:242: walking of {file:///home/loganmancuso/Documents/Backups/os-init/vivaldi/Default/Feature%20Engagement%20Tracker/AvailabilityDB} finished
2024/07/31 23:08:13 walker.go:242: walking of {file:///home/loganmancuso/Documents/Backups/os-init/vivaldi/Default/Feature%20Engagement%20Tracker/EventDB} finished
2024/07/31 23:08:13 walker.go:242: walking of {file:///home/loganmancuso/Documents/Backups/os-init/vivaldi/Default/Feature%20Engagement%20Tracker} finished
2024/07/31 23:08:13 walker.go:242: walking of {file:///home/loganmancuso/Documents/Backups/os-init/vivaldi/Default/GCM%20Store/Encryption} finished
2024/07/31 23:08:13 walker.go:242: walking of {file:///home/loganmancuso/Documents/Backups/os-init/vivaldi/Default/GCM%20Store} finished
2024/07/31 23:08:13 walker.go:242: walking of {file:///home/loganmancuso/Documents/Backups/os-init/vivaldi/Default/GPUCache} finished
2024/07/31 23:08:13 walker.go:242: walking of {file:///home/loganmancuso/Documents/Backups/os-init/vivaldi/Default/IndexedDB/https_community.octoprint.org_0.indexeddb.leveldb} finished
2024/07/31 23:08:13 walker.go:242: walking of {file:///home/loganmancuso/Documents/Backups/os-init/vivaldi/Default/IndexedDB/https_global.americanexpress.com_0.indexeddb.blob/1/00} finished
2024/07/31 23:08:13 walker.go:242: walking of {file:///home/loganmancuso/Documents/Backups/os-init/vivaldi/Default/IndexedDB/https_global.americanexpress.com_0.indexeddb.blob/1} finished
2024/07/31 23:08:13 walker.go:242: walking of {file:///home/loganmancuso/Documents/Backups/os-init/vivaldi/Default/IndexedDB/https_global.americanexpress.com_0.indexeddb.blob} finished
2024/07/31 23:08:13 walker.go:242: walking of {file:///home/loganmancuso/Documents/Backups/os-init/vivaldi/Default/IndexedDB/https_global.americanexpress.com_0.indexeddb.leveldb} finished
2024/07/31 23:08:13 walker.go:242: walking of {file:///home/loganmancuso/Documents/Backups/os-init/vivaldi/Default/IndexedDB/https_mail.google.com_0.indexeddb.leveldb} finished
2024/07/31 23:08:13 walker.go:242: walking of {file:///home/loganmancuso/Documents/Backups/os-init/vivaldi/Default/IndexedDB/https_secure.indeed.com_0.indexeddb.leveldb} finished
2024/07/31 23:08:13 walker.go:242: walking of {file:///home/loganmancuso/Documents/Backups/os-init/vivaldi/Default/IndexedDB/https_www.americanexpress.com_0.indexeddb.blob/1/00} finished
2024/07/31 23:08:13 walker.go:242: walking of {file:///home/loganmancuso/Documents/Backups/os-init/vivaldi/Default/IndexedDB/https_www.americanexpress.com_0.indexeddb.blob/1} finished
2024/07/31 23:08:13 walker.go:242: walking of {file:///home/loganmancuso/Documents/Backups/os-init/vivaldi/Default/IndexedDB/https_www.americanexpress.com_0.indexeddb.blob} finished
2024/07/31 23:08:13 walker.go:242: walking of {file:///home/loganmancuso/Documents/Backups/os-init/vivaldi/Default/IndexedDB/https_www.americanexpress.com_0.indexeddb.leveldb} finished
2024/07/31 23:08:13 walker.go:242: walking of {file:///home/loganmancuso/Documents/Backups/os-init/vivaldi/Default/IndexedDB/https_www.linkedin.com_0.indexeddb.leveldb} finished
2024/07/31 23:08:13 walker.go:242: walking of {file:///home/loganmancuso/Documents/Backups/os-init/vivaldi/Default/IndexedDB/https_www.reddit.com_0.indexeddb.leveldb} finished
2024/07/31 23:08:13 walker.go:242: walking of {file:///home/loganmancuso/Documents/Backups/os-init/vivaldi/Default/IndexedDB/https_www.youtube.com_0.indexeddb.blob/4/00} finished
2024/07/31 23:08:13 walker.go:242: walking of {file:///home/loganmancuso/Documents/Backups/os-init/vivaldi/Default/IndexedDB/https_www.youtube.com_0.indexeddb.blob/4} finished
2024/07/31 23:08:13 walker.go:242: walking of {file:///home/loganmancuso/Documents/Backups/os-init/vivaldi/Default/IndexedDB/https_www.youtube.com_0.indexeddb.blob/8/00} finished
2024/07/31 23:08:13 walker.go:242: walking of {file:///home/loganmancuso/Documents/Backups/os-init/vivaldi/Default/IndexedDB/https_www.youtube.com_0.indexeddb.blob/8} finished
2024/07/31 23:08:13 walker.go:242: walking of {file:///home/loganmancuso/Documents/Backups/os-init/vivaldi/Default/IndexedDB/https_www.youtube.com_0.indexeddb.blob} finished
2024/07/31 23:08:13 walker.go:242: walking of {file:///home/loganmancuso/Documents/Backups/os-init/vivaldi/Default/IndexedDB/https_www.youtube.com_0.indexeddb.leveldb} finished
2024/07/31 23:08:13 walker.go:242: walking of {file:///home/loganmancuso/Documents/Backups/os-init/vivaldi/Default/IndexedDB} finished
2024/07/31 23:08:13 walker.go:242: walking of {file:///home/loganmancuso/Documents/Backups/os-init/vivaldi/Default/Local%20App%20Settings/mpognobbkildjkofajifpdfhcoklimli} finished
2024/07/31 23:08:13 walker.go:242: walking of {file:///home/loganmancuso/Documents/Backups/os-init/vivaldi/Default/Local%20App%20Settings} finished
2024/07/31 23:08:13 walker.go:242: walking of {file:///home/loganmancuso/Documents/Backups/os-init/vivaldi/Default/Local%20Extension%20Settings/nngceckbapebfimnlniiiahkandclblb} finished
2024/07/31 23:08:13 walker.go:242: walking of {file:///home/loganmancuso/Documents/Backups/os-init/vivaldi/Default/Local%20Extension%20Settings} finished
2024/07/31 23:08:13 walker.go:242: walking of {file:///home/loganmancuso/Documents/Backups/os-init/vivaldi/Default/Local%20Storage/leveldb} finished
2024/07/31 23:08:13 walker.go:242: walking of {file:///home/loganmancuso/Documents/Backups/os-init/vivaldi/Default/Local%20Storage} finished
2024/07/31 23:08:13 walker.go:242: walking of {file:///home/loganmancuso/Documents/Backups/os-init/vivaldi/Default/Managed%20Extension%20Settings/nngceckbapebfimnlniiiahkandclblb} finished
2024/07/31 23:08:13 walker.go:242: walking of {file:///home/loganmancuso/Documents/Backups/os-init/vivaldi/Default/Managed%20Extension%20Settings} finished
2024/07/31 23:08:13 walker.go:242: walking of {file:///home/loganmancuso/Documents/Backups/os-init/vivaldi/Default/PersistentOriginTrials} finished
2024/07/31 23:08:13 walker.go:242: walking of {file:///home/loganmancuso/Documents/Backups/os-init/vivaldi/Default/Platform%20Notifications} finished
2024/07/31 23:08:13 walker.go:242: walking of {file:///home/loganmancuso/Documents/Backups/os-init/vivaldi/Default/Service%20Worker/CacheStorage/312135a264cfc444fafe9387d0c8231a235cffc8/29358cda-2c0d-499e-98e1-0f61aa60dbdb/index-dir} finished
2024/07/31 23:08:13 walker.go:242: walking of {file:///home/loganmancuso/Documents/Backups/os-init/vivaldi/Default/Service%20Worker/CacheStorage/312135a264cfc444fafe9387d0c8231a235cffc8/29358cda-2c0d-499e-98e1-0f61aa60dbdb} finished
2024/07/31 23:08:13 walker.go:242: walking of {file:///home/loganmancuso/Documents/Backups/os-init/vivaldi/Default/Service%20Worker/CacheStorage/312135a264cfc444fafe9387d0c8231a235cffc8} finished
2024/07/31 23:08:13 walker.go:242: walking of {file:///home/loganmancuso/Documents/Backups/os-init/vivaldi/Default/Service%20Worker/CacheStorage/379f1cbab5b08b6fc9e08681e42d8be311441c88/787277e4-865d-4bc5-9aa6-e0029f65d5b8/index-dir} finished
2024/07/31 23:08:13 walker.go:242: walking of {file:///home/loganmancuso/Documents/Backups/os-init/vivaldi/Default/Service%20Worker/CacheStorage/379f1cbab5b08b6fc9e08681e42d8be311441c88/787277e4-865d-4bc5-9aa6-e0029f65d5b8} finished
2024/07/31 23:08:13 walker.go:242: walking of {file:///home/loganmancuso/Documents/Backups/os-init/vivaldi/Default/Service%20Worker/CacheStorage/379f1cbab5b08b6fc9e08681e42d8be311441c88/b91fd84a-46e4-4763-950c-febc004b3958/index-dir} finished
2024/07/31 23:08:13 walker.go:242: walking of {file:///home/loganmancuso/Documents/Backups/os-init/vivaldi/Default/Service%20Worker/CacheStorage/379f1cbab5b08b6fc9e08681e42d8be311441c88/b91fd84a-46e4-4763-950c-febc004b3958} finished
2024/07/31 23:08:13 walker.go:242: walking of {file:///home/loganmancuso/Documents/Backups/os-init/vivaldi/Default/Service%20Worker/CacheStorage/379f1cbab5b08b6fc9e08681e42d8be311441c88} finished
2024/07/31 23:08:13 walker.go:242: walking of {file:///home/loganmancuso/Documents/Backups/os-init/vivaldi/Default/Service%20Worker/CacheStorage/579544fd7d0441717f082c9eb123588966aa57ac/26541776-9b95-4e84-ae99-bfc721a7dee6/index-dir} finished
2024/07/31 23:08:13 walker.go:242: walking of {file:///home/loganmancuso/Documents/Backups/os-init/vivaldi/Default/Service%20Worker/CacheStorage/579544fd7d0441717f082c9eb123588966aa57ac/26541776-9b95-4e84-ae99-bfc721a7dee6} finished
2024/07/31 23:08:13 walker.go:242: walking of {file:///home/loganmancuso/Documents/Backups/os-init/vivaldi/Default/Service%20Worker/CacheStorage/579544fd7d0441717f082c9eb123588966aa57ac/68146a53-ba3a-4243-8c41-5de4cd5bf96d/index-dir} finished
2024/07/31 23:08:13 walker.go:242: walking of {file:///home/loganmancuso/Documents/Backups/os-init/vivaldi/Default/Service%20Worker/CacheStorage/579544fd7d0441717f082c9eb123588966aa57ac/68146a53-ba3a-4243-8c41-5de4cd5bf96d} finished
2024/07/31 23:08:13 walker.go:242: walking of {file:///home/loganmancuso/Documents/Backups/os-init/vivaldi/Default/Service%20Worker/CacheStorage/579544fd7d0441717f082c9eb123588966aa57ac/db363aff-6366-445a-bc57-162473e85b36/index-dir} finished
2024/07/31 23:08:13 walker.go:242: walking of {file:///home/loganmancuso/Documents/Backups/os-init/vivaldi/Default/Service%20Worker/CacheStorage/579544fd7d0441717f082c9eb123588966aa57ac/db363aff-6366-445a-bc57-162473e85b36} finished
2024/07/31 23:08:13 walker.go:242: walking of {file:///home/loganmancuso/Documents/Backups/os-init/vivaldi/Default/Service%20Worker/CacheStorage/579544fd7d0441717f082c9eb123588966aa57ac/f66d6968-ea9f-4aa1-81d1-766af7ffa38c/index-dir} finished
2024/07/31 23:08:13 walker.go:242: walking of {file:///home/loganmancuso/Documents/Backups/os-init/vivaldi/Default/Service%20Worker/CacheStorage/579544fd7d0441717f082c9eb123588966aa57ac/f66d6968-ea9f-4aa1-81d1-766af7ffa38c} finished
2024/07/31 23:08:13 walker.go:242: walking of {file:///home/loganmancuso/Documents/Backups/os-init/vivaldi/Default/Service%20Worker/CacheStorage/579544fd7d0441717f082c9eb123588966aa57ac} finished
2024/07/31 23:08:13 walker.go:242: walking of {file:///home/loganmancuso/Documents/Backups/os-init/vivaldi/Default/Service%20Worker/CacheStorage/b48a40200d6f0bdefe44c3bc244b571b429352cc/f7da146f-5351-49a7-a77d-044472b7fd0a/index-dir} finished
2024/07/31 23:08:13 walker.go:242: walking of {file:///home/loganmancuso/Documents/Backups/os-init/vivaldi/Default/Service%20Worker/CacheStorage/b48a40200d6f0bdefe44c3bc244b571b429352cc/f7da146f-5351-49a7-a77d-044472b7fd0a} finished
2024/07/31 23:08:13 walker.go:242: walking of {file:///home/loganmancuso/Documents/Backups/os-init/vivaldi/Default/Service%20Worker/CacheStorage/b48a40200d6f0bdefe44c3bc244b571b429352cc} finished
2024/07/31 23:08:13 walker.go:242: walking of {file:///home/loganmancuso/Documents/Backups/os-init/vivaldi/Default/Service%20Worker/CacheStorage} finished
2024/07/31 23:08:13 walker.go:242: walking of {file:///home/loganmancuso/Documents/Backups/os-init/vivaldi/Default/Service%20Worker/Database} finished
2024/07/31 23:08:13 walker.go:242: walking of {file:///home/loganmancuso/Documents/Backups/os-init/vivaldi/Default/Service%20Worker/ScriptCache/index-dir} finished
2024/07/31 23:08:13 walker.go:242: walking of {file:///home/loganmancuso/Documents/Backups/os-init/vivaldi/Default/Service%20Worker/ScriptCache} finished
2024/07/31 23:08:13 walker.go:242: walking of {file:///home/loganmancuso/Documents/Backups/os-init/vivaldi/Default/Service%20Worker} finished
2024/07/31 23:08:13 walker.go:242: walking of {file:///home/loganmancuso/Documents/Backups/os-init/vivaldi/Default/Session%20Storage} finished
2024/07/31 23:08:13 walker.go:242: walking of {file:///home/loganmancuso/Documents/Backups/os-init/vivaldi/Default/Sessions} finished
2024/07/31 23:08:13 walker.go:242: walking of {file:///home/loganmancuso/Documents/Backups/os-init/vivaldi/Default/Shared%20Dictionary/cache/index-dir} finished
2024/07/31 23:08:13 walker.go:242: walking of {file:///home/loganmancuso/Documents/Backups/os-init/vivaldi/Default/Shared%20Dictionary/cache} finished
2024/07/31 23:08:13 walker.go:242: walking of {file:///home/loganmancuso/Documents/Backups/os-init/vivaldi/Default/Shared%20Dictionary} finished
2024/07/31 23:08:13 walker.go:242: walking of {file:///home/loganmancuso/Documents/Backups/os-init/vivaldi/Default/Site%20Characteristics%20Database} finished
2024/07/31 23:08:13 walker.go:242: walking of {file:///home/loganmancuso/Documents/Backups/os-init/vivaldi/Default/Storage/ext/mpognobbkildjkofajifpdfhcoklimli/def/DawnGraphiteCache} finished
2024/07/31 23:08:13 walker.go:242: walking of {file:///home/loganmancuso/Documents/Backups/os-init/vivaldi/Default/Storage/ext/mpognobbkildjkofajifpdfhcoklimli/def/DawnWebGPUCache} finished
2024/07/31 23:08:13 walker.go:242: walking of {file:///home/loganmancuso/Documents/Backups/os-init/vivaldi/Default/Storage/ext/mpognobbkildjkofajifpdfhcoklimli/def/GPUCache} finished
2024/07/31 23:08:13 walker.go:242: walking of {file:///home/loganmancuso/Documents/Backups/os-init/vivaldi/Default/Storage/ext/mpognobbkildjkofajifpdfhcoklimli/def/IndexedDB/chrome-extension_mpognobbkildjkofajifpdfhcoklimli_0.indexeddb.leveldb} finished
2024/07/31 23:08:13 walker.go:242: walking of {file:///home/loganmancuso/Documents/Backups/os-init/vivaldi/Default/Storage/ext/mpognobbkildjkofajifpdfhcoklimli/def/IndexedDB} finished
2024/07/31 23:08:13 walker.go:242: walking of {file:///home/loganmancuso/Documents/Backups/os-init/vivaldi/Default/Storage/ext/mpognobbkildjkofajifpdfhcoklimli/def/Local%20Storage/leveldb} finished
2024/07/31 23:08:13 walker.go:242: walking of {file:///home/loganmancuso/Documents/Backups/os-init/vivaldi/Default/Storage/ext/mpognobbkildjkofajifpdfhcoklimli/def/Local%20Storage} finished
2024/07/31 23:08:13 walker.go:242: walking of {file:///home/loganmancuso/Documents/Backups/os-init/vivaldi/Default/Storage/ext/mpognobbkildjkofajifpdfhcoklimli/def/Platform%20Notifications} finished
2024/07/31 23:08:13 walker.go:242: walking of {file:///home/loganmancuso/Documents/Backups/os-init/vivaldi/Default/Storage/ext/mpognobbkildjkofajifpdfhcoklimli/def/Service%20Worker/Database} finished
2024/07/31 23:08:13 walker.go:242: walking of {file:///home/loganmancuso/Documents/Backups/os-init/vivaldi/Default/Storage/ext/mpognobbkildjkofajifpdfhcoklimli/def/Service%20Worker/ScriptCache/index-dir} finished
2024/07/31 23:08:13 walker.go:242: walking of {file:///home/loganmancuso/Documents/Backups/os-init/vivaldi/Default/Storage/ext/mpognobbkildjkofajifpdfhcoklimli/def/Service%20Worker/ScriptCache} finished
2024/07/31 23:08:13 walker.go:242: walking of {file:///home/loganmancuso/Documents/Backups/os-init/vivaldi/Default/Storage/ext/mpognobbkildjkofajifpdfhcoklimli/def/Service%20Worker} finished
2024/07/31 23:08:13 walker.go:242: walking of {file:///home/loganmancuso/Documents/Backups/os-init/vivaldi/Default/Storage/ext/mpognobbkildjkofajifpdfhcoklimli/def/Session%20Storage} finished
2024/07/31 23:08:13 walker.go:242: walking of {file:///home/loganmancuso/Documents/Backups/os-init/vivaldi/Default/Storage/ext/mpognobbkildjkofajifpdfhcoklimli/def/Shared%20Dictionary/cache/index-dir} finished
2024/07/31 23:08:13 walker.go:242: walking of {file:///home/loganmancuso/Documents/Backups/os-init/vivaldi/Default/Storage/ext/mpognobbkildjkofajifpdfhcoklimli/def/Shared%20Dictionary/cache} finished
2024/07/31 23:08:13 walker.go:242: walking of {file:///home/loganmancuso/Documents/Backups/os-init/vivaldi/Default/Storage/ext/mpognobbkildjkofajifpdfhcoklimli/def/Shared%20Dictionary} finished
2024/07/31 23:08:13 walker.go:242: walking of {file:///home/loganmancuso/Documents/Backups/os-init/vivaldi/Default/Storage/ext/mpognobbkildjkofajifpdfhcoklimli/def/WebStorage} finished
2024/07/31 23:08:13 walker.go:242: walking of {file:///home/loganmancuso/Documents/Backups/os-init/vivaldi/Default/Storage/ext/mpognobbkildjkofajifpdfhcoklimli/def} finished
2024/07/31 23:08:13 walker.go:242: walking of {file:///home/loganmancuso/Documents/Backups/os-init/vivaldi/Default/Storage/ext/mpognobbkildjkofajifpdfhcoklimli} finished
2024/07/31 23:08:13 walker.go:242: walking of {file:///home/loganmancuso/Documents/Backups/os-init/vivaldi/Default/Storage/ext} finished
2024/07/31 23:08:13 walker.go:242: walking of {file:///home/loganmancuso/Documents/Backups/os-init/vivaldi/Default/Storage} finished
2024/07/31 23:08:13 walker.go:242: walking of {file:///home/loganmancuso/Documents/Backups/os-init/vivaldi/Default/Sync%20Data/LevelDB} finished
2024/07/31 23:08:13 walker.go:242: walking of {file:///home/loganmancuso/Documents/Backups/os-init/vivaldi/Default/Sync%20Data} finished
2024/07/31 23:08:13 walker.go:242: walking of {file:///home/loganmancuso/Documents/Backups/os-init/vivaldi/Default/SyncedFiles} finished
2024/07/31 23:08:13 walker.go:242: walking of {file:///home/loganmancuso/Documents/Backups/os-init/vivaldi/Default/VideoDecodeStats} finished
2024/07/31 23:08:13 walker.go:242: walking of {file:///home/loganmancuso/Documents/Backups/os-init/vivaldi/Default/VivaldiDirectMatchIcons} finished
2024/07/31 23:08:13 walker.go:242: walking of {file:///home/loganmancuso/Documents/Backups/os-init/vivaldi/Default/VivaldiThumbnails} finished
2024/07/31 23:08:13 walker.go:242: walking of {file:///home/loganmancuso/Documents/Backups/os-init/vivaldi/Default/WebStorage/1/CacheStorage} finished
2024/07/31 23:08:13 walker.go:242: walking of {file:///home/loganmancuso/Documents/Backups/os-init/vivaldi/Default/WebStorage/1/IndexedDB/indexeddb.leveldb} finished
2024/07/31 23:08:13 walker.go:242: walking of {file:///home/loganmancuso/Documents/Backups/os-init/vivaldi/Default/WebStorage/1/IndexedDB} finished
2024/07/31 23:08:13 walker.go:242: walking of {file:///home/loganmancuso/Documents/Backups/os-init/vivaldi/Default/WebStorage/1} finished
2024/07/31 23:08:13 walker.go:242: walking of {file:///home/loganmancuso/Documents/Backups/os-init/vivaldi/Default/WebStorage/12/IndexedDB/indexeddb.leveldb} finished
2024/07/31 23:08:13 walker.go:242: walking of {file:///home/loganmancuso/Documents/Backups/os-init/vivaldi/Default/WebStorage/12/IndexedDB} finished
2024/07/31 23:08:13 walker.go:242: walking of {file:///home/loganmancuso/Documents/Backups/os-init/vivaldi/Default/WebStorage/12} finished
2024/07/31 23:08:13 walker.go:242: walking of {file:///home/loganmancuso/Documents/Backups/os-init/vivaldi/Default/WebStorage/14/CacheStorage} finished
2024/07/31 23:08:13 walker.go:242: walking of {file:///home/loganmancuso/Documents/Backups/os-init/vivaldi/Default/WebStorage/14/IndexedDB/indexeddb.leveldb} finished
2024/07/31 23:08:13 walker.go:242: walking of {file:///home/loganmancuso/Documents/Backups/os-init/vivaldi/Default/WebStorage/14/IndexedDB} finished
2024/07/31 23:08:13 walker.go:242: walking of {file:///home/loganmancuso/Documents/Backups/os-init/vivaldi/Default/WebStorage/14} finished
2024/07/31 23:08:13 walker.go:242: walking of {file:///home/loganmancuso/Documents/Backups/os-init/vivaldi/Default/WebStorage} finished
2024/07/31 23:08:13 walker.go:242: walking of {file:///home/loganmancuso/Documents/Backups/os-init/vivaldi/Default/blob_storage/af901cc0-4e7b-4a30-a737-ffcc51b375a5} finished
2024/07/31 23:08:13 walker.go:242: walking of {file:///home/loganmancuso/Documents/Backups/os-init/vivaldi/Default/blob_storage} finished
2024/07/31 23:08:13 walker.go:242: walking of {file:///home/loganmancuso/Documents/Backups/os-init/vivaldi/Default/chrome_cart_db} finished
2024/07/31 23:08:13 walker.go:242: walking of {file:///home/loganmancuso/Documents/Backups/os-init/vivaldi/Default/commerce_subscription_db} finished
2024/07/31 23:08:13 walker.go:242: walking of {file:///home/loganmancuso/Documents/Backups/os-init/vivaldi/Default/coupon_db} finished
2024/07/31 23:08:13 walker.go:242: walking of {file:///home/loganmancuso/Documents/Backups/os-init/vivaldi/Default/discounts_db} finished
2024/07/31 23:08:13 walker.go:242: walking of {file:///home/loganmancuso/Documents/Backups/os-init/vivaldi/Default/feedv2/streamdb} finished
2024/07/31 23:08:13 walker.go:242: walking of {file:///home/loganmancuso/Documents/Backups/os-init/vivaldi/Default/feedv2} finished
2024/07/31 23:08:13 walker.go:242: walking of {file:///home/loganmancuso/Documents/Backups/os-init/vivaldi/Default/parcel_tracking_db} finished
2024/07/31 23:08:13 walker.go:242: walking of {file:///home/loganmancuso/Documents/Backups/os-init/vivaldi/Default/shared_proto_db/metadata} finished
2024/07/31 23:08:13 walker.go:242: walking of {file:///home/loganmancuso/Documents/Backups/os-init/vivaldi/Default/shared_proto_db} finished
2024/07/31 23:08:13 walker.go:242: walking of {file:///home/loganmancuso/Documents/Backups/os-init/vivaldi/Default} finished
2024/07/31 23:08:13 walker.go:242: walking of {file:///home/loganmancuso/Documents/Backups/os-init/vivaldi/Dictionaries} finished
2024/07/31 23:08:13 walker.go:242: walking of {file:///home/loganmancuso/Documents/Backups/os-init/vivaldi/FileTypePolicies/66/_metadata} finished
2024/07/31 23:08:13 walker.go:242: walking of {file:///home/loganmancuso/Documents/Backups/os-init/vivaldi/FileTypePolicies/66} finished
2024/07/31 23:08:13 walker.go:242: walking of {file:///home/loganmancuso/Documents/Backups/os-init/vivaldi/FileTypePolicies} finished
2024/07/31 23:08:13 walker.go:242: walking of {file:///home/loganmancuso/Documents/Backups/os-init/vivaldi/FirstPartySetsPreloaded/2024.6.26.0/_metadata} finished
2024/07/31 23:08:13 walker.go:242: walking of {file:///home/loganmancuso/Documents/Backups/os-init/vivaldi/FirstPartySetsPreloaded/2024.6.26.0} finished
2024/07/31 23:08:13 walker.go:242: walking of {file:///home/loganmancuso/Documents/Backups/os-init/vivaldi/FirstPartySetsPreloaded} finished
2024/07/31 23:08:13 walker.go:242: walking of {file:///home/loganmancuso/Documents/Backups/os-init/vivaldi/GrShaderCache} finished
2024/07/31 23:08:13 walker.go:242: walking of {file:///home/loganmancuso/Documents/Backups/os-init/vivaldi/GraphiteDawnCache} finished
2024/07/31 23:08:13 walker.go:242: walking of {file:///home/loganmancuso/Documents/Backups/os-init/vivaldi/Guest%20Profile/AdBlockRules/AdBlocking} finished
2024/07/31 23:08:13 walker.go:242: walking of {file:///home/loganmancuso/Documents/Backups/os-init/vivaldi/Guest%20Profile/AdBlockRules/TrackerBlocking} finished
2024/07/31 23:08:13 walker.go:242: walking of {file:///home/loganmancuso/Documents/Backups/os-init/vivaldi/Guest%20Profile/AdBlockRules} finished
2024/07/31 23:08:13 walker.go:242: walking of {file:///home/loganmancuso/Documents/Backups/os-init/vivaldi/Guest%20Profile/AutofillStrikeDatabase} finished
2024/07/31 23:08:13 walker.go:242: walking of {file:///home/loganmancuso/Documents/Backups/os-init/vivaldi/Guest%20Profile/BudgetDatabase} finished
2024/07/31 23:08:13 walker.go:242: walking of {file:///home/loganmancuso/Documents/Backups/os-init/vivaldi/Guest%20Profile/DawnGraphiteCache} finished
2024/07/31 23:08:13 walker.go:242: walking of {file:///home/loganmancuso/Documents/Backups/os-init/vivaldi/Guest%20Profile/DawnWebGPUCache} finished
2024/07/31 23:08:13 walker.go:242: walking of {file:///home/loganmancuso/Documents/Backups/os-init/vivaldi/Guest%20Profile/Extension%20Rules} finished
2024/07/31 23:08:13 walker.go:242: walking of {file:///home/loganmancuso/Documents/Backups/os-init/vivaldi/Guest%20Profile/Extension%20Scripts} finished
2024/07/31 23:08:13 walker.go:242: walking of {file:///home/loganmancuso/Documents/Backups/os-init/vivaldi/Guest%20Profile/Extension%20State} finished
2024/07/31 23:08:13 walker.go:242: walking of {file:///home/loganmancuso/Documents/Backups/os-init/vivaldi/Guest%20Profile/Feature%20Engagement%20Tracker/AvailabilityDB} finished
2024/07/31 23:08:13 walker.go:242: walking of {file:///home/loganmancuso/Documents/Backups/os-init/vivaldi/Guest%20Profile/Feature%20Engagement%20Tracker/EventDB} finished
2024/07/31 23:08:13 walker.go:242: walking of {file:///home/loganmancuso/Documents/Backups/os-init/vivaldi/Guest%20Profile/Feature%20Engagement%20Tracker} finished
2024/07/31 23:08:13 walker.go:242: walking of {file:///home/loganmancuso/Documents/Backups/os-init/vivaldi/Guest%20Profile/GPUCache} finished
2024/07/31 23:08:13 walker.go:242: walking of {file:///home/loganmancuso/Documents/Backups/os-init/vivaldi/Guest%20Profile/Local%20App%20Settings/mpognobbkildjkofajifpdfhcoklimli} finished
2024/07/31 23:08:13 walker.go:242: walking of {file:///home/loganmancuso/Documents/Backups/os-init/vivaldi/Guest%20Profile/Local%20App%20Settings} finished
2024/07/31 23:08:13 walker.go:242: walking of {file:///home/loganmancuso/Documents/Backups/os-init/vivaldi/Guest%20Profile/Local%20Storage/leveldb} finished
2024/07/31 23:08:13 walker.go:242: walking of {file:///home/loganmancuso/Documents/Backups/os-init/vivaldi/Guest%20Profile/Local%20Storage} finished
2024/07/31 23:08:13 walker.go:242: walking of {file:///home/loganmancuso/Documents/Backups/os-init/vivaldi/Guest%20Profile/Sessions} finished
2024/07/31 23:08:13 walker.go:242: walking of {file:///home/loganmancuso/Documents/Backups/os-init/vivaldi/Guest%20Profile/Shared%20Dictionary/cache/index-dir} finished
2024/07/31 23:08:13 walker.go:242: walking of {file:///home/loganmancuso/Documents/Backups/os-init/vivaldi/Guest%20Profile/Shared%20Dictionary/cache} finished
2024/07/31 23:08:13 walker.go:242: walking of {file:///home/loganmancuso/Documents/Backups/os-init/vivaldi/Guest%20Profile/Shared%20Dictionary} finished
2024/07/31 23:08:13 walker.go:242: walking of {file:///home/loganmancuso/Documents/Backups/os-init/vivaldi/Guest%20Profile/Site%20Characteristics%20Database} finished
2024/07/31 23:08:13 walker.go:242: walking of {file:///home/loganmancuso/Documents/Backups/os-init/vivaldi/Guest%20Profile/Storage/ext/mpognobbkildjkofajifpdfhcoklimli/def/DawnGraphiteCache} finished
2024/07/31 23:08:13 walker.go:242: walking of {file:///home/loganmancuso/Documents/Backups/os-init/vivaldi/Guest%20Profile/Storage/ext/mpognobbkildjkofajifpdfhcoklimli/def/DawnWebGPUCache} finished
2024/07/31 23:08:13 walker.go:242: walking of {file:///home/loganmancuso/Documents/Backups/os-init/vivaldi/Guest%20Profile/Storage/ext/mpognobbkildjkofajifpdfhcoklimli/def/GPUCache} finished
2024/07/31 23:08:13 walker.go:242: walking of {file:///home/loganmancuso/Documents/Backups/os-init/vivaldi/Guest%20Profile/Storage/ext/mpognobbkildjkofajifpdfhcoklimli/def/IndexedDB/chrome-extension_mpognobbkildjkofajifpdfhcoklimli_0.indexeddb.leveldb} finished
2024/07/31 23:08:13 walker.go:242: walking of {file:///home/loganmancuso/Documents/Backups/os-init/vivaldi/Guest%20Profile/Storage/ext/mpognobbkildjkofajifpdfhcoklimli/def/IndexedDB} finished
2024/07/31 23:08:13 walker.go:242: walking of {file:///home/loganmancuso/Documents/Backups/os-init/vivaldi/Guest%20Profile/Storage/ext/mpognobbkildjkofajifpdfhcoklimli/def/Local%20Storage/leveldb} finished
2024/07/31 23:08:13 walker.go:242: walking of {file:///home/loganmancuso/Documents/Backups/os-init/vivaldi/Guest%20Profile/Storage/ext/mpognobbkildjkofajifpdfhcoklimli/def/Local%20Storage} finished
2024/07/31 23:08:13 walker.go:242: walking of {file:///home/loganmancuso/Documents/Backups/os-init/vivaldi/Guest%20Profile/Storage/ext/mpognobbkildjkofajifpdfhcoklimli/def/Service%20Worker/Database} finished
2024/07/31 23:08:13 walker.go:242: walking of {file:///home/loganmancuso/Documents/Backups/os-init/vivaldi/Guest%20Profile/Storage/ext/mpognobbkildjkofajifpdfhcoklimli/def/Service%20Worker/ScriptCache/index-dir} finished
2024/07/31 23:08:13 walker.go:242: walking of {file:///home/loganmancuso/Documents/Backups/os-init/vivaldi/Guest%20Profile/Storage/ext/mpognobbkildjkofajifpdfhcoklimli/def/Service%20Worker/ScriptCache} finished
2024/07/31 23:08:13 walker.go:242: walking of {file:///home/loganmancuso/Documents/Backups/os-init/vivaldi/Guest%20Profile/Storage/ext/mpognobbkildjkofajifpdfhcoklimli/def/Service%20Worker} finished
2024/07/31 23:08:13 walker.go:242: walking of {file:///home/loganmancuso/Documents/Backups/os-init/vivaldi/Guest%20Profile/Storage/ext/mpognobbkildjkofajifpdfhcoklimli/def/Session%20Storage} finished
2024/07/31 23:08:13 walker.go:242: walking of {file:///home/loganmancuso/Documents/Backups/os-init/vivaldi/Guest%20Profile/Storage/ext/mpognobbkildjkofajifpdfhcoklimli/def/Shared%20Dictionary/cache/index-dir} finished
2024/07/31 23:08:13 walker.go:242: walking of {file:///home/loganmancuso/Documents/Backups/os-init/vivaldi/Guest%20Profile/Storage/ext/mpognobbkildjkofajifpdfhcoklimli/def/Shared%20Dictionary/cache} finished
2024/07/31 23:08:13 walker.go:242: walking of {file:///home/loganmancuso/Documents/Backups/os-init/vivaldi/Guest%20Profile/Storage/ext/mpognobbkildjkofajifpdfhcoklimli/def/Shared%20Dictionary} finished
2024/07/31 23:08:13 walker.go:242: walking of {file:///home/loganmancuso/Documents/Backups/os-init/vivaldi/Guest%20Profile/Storage/ext/mpognobbkildjkofajifpdfhcoklimli/def/WebStorage} finished
2024/07/31 23:08:13 walker.go:242: walking of {file:///home/loganmancuso/Documents/Backups/os-init/vivaldi/Guest%20Profile/Storage/ext/mpognobbkildjkofajifpdfhcoklimli/def} finished
2024/07/31 23:08:13 walker.go:242: walking of {file:///home/loganmancuso/Documents/Backups/os-init/vivaldi/Guest%20Profile/Storage/ext/mpognobbkildjkofajifpdfhcoklimli} finished
2024/07/31 23:08:13 walker.go:242: walking of {file:///home/loganmancuso/Documents/Backups/os-init/vivaldi/Guest%20Profile/Storage/ext} finished
2024/07/31 23:08:13 walker.go:242: walking of {file:///home/loganmancuso/Documents/Backups/os-init/vivaldi/Guest%20Profile/Storage} finished
2024/07/31 23:08:13 walker.go:242: walking of {file:///home/loganmancuso/Documents/Backups/os-init/vivaldi/Guest%20Profile/Sync%20Data/LevelDB} finished
2024/07/31 23:08:13 walker.go:242: walking of {file:///home/loganmancuso/Documents/Backups/os-init/vivaldi/Guest%20Profile/Sync%20Data} finished
2024/07/31 23:08:13 walker.go:242: walking of {file:///home/loganmancuso/Documents/Backups/os-init/vivaldi/Guest%20Profile/SyncedFiles} finished
2024/07/31 23:08:13 walker.go:242: walking of {file:///home/loganmancuso/Documents/Backups/os-init/vivaldi/Guest%20Profile/VivaldiDirectMatchIcons} finished
2024/07/31 23:08:13 walker.go:242: walking of {file:///home/loganmancuso/Documents/Backups/os-init/vivaldi/Guest%20Profile/blob_storage/71df822b-fdad-4a9a-8b2e-fec62f0b7fd8} finished
2024/07/31 23:08:13 walker.go:242: walking of {file:///home/loganmancuso/Documents/Backups/os-init/vivaldi/Guest%20Profile/blob_storage} finished
2024/07/31 23:08:13 walker.go:242: walking of {file:///home/loganmancuso/Documents/Backups/os-init/vivaldi/Guest%20Profile/commerce_subscription_db} finished
2024/07/31 23:08:13 walker.go:242: walking of {file:///home/loganmancuso/Documents/Backups/os-init/vivaldi/Guest%20Profile/discounts_db} finished
2024/07/31 23:08:13 walker.go:242: walking of {file:///home/loganmancuso/Documents/Backups/os-init/vivaldi/Guest%20Profile/parcel_tracking_db} finished
2024/07/31 23:08:13 walker.go:242: walking of {file:///home/loganmancuso/Documents/Backups/os-init/vivaldi/Guest%20Profile/shared_proto_db/metadata} finished
2024/07/31 23:08:13 walker.go:242: walking of {file:///home/loganmancuso/Documents/Backups/os-init/vivaldi/Guest%20Profile/shared_proto_db} finished
2024/07/31 23:08:13 walker.go:242: walking of {file:///home/loganmancuso/Documents/Backups/os-init/vivaldi/Guest%20Profile} finished
2024/07/31 23:08:13 walker.go:242: walking of {file:///home/loganmancuso/Documents/Backups/os-init/vivaldi/Local%20Traces} finished
2024/07/31 23:08:13 walker.go:242: walking of {file:///home/loganmancuso/Documents/Backups/os-init/vivaldi/MEIPreload} finished
2024/07/31 23:08:13 walker.go:242: walking of {file:///home/loganmancuso/Documents/Backups/os-init/vivaldi/NativeMessagingHosts} finished
2024/07/31 23:08:13 walker.go:242: walking of {file:///home/loganmancuso/Documents/Backups/os-init/vivaldi/OnDeviceHeadSuggestModel/20240628.648210897.14/_metadata} finished
2024/07/31 23:08:13 walker.go:242: walking of {file:///home/loganmancuso/Documents/Backups/os-init/vivaldi/OnDeviceHeadSuggestModel/20240628.648210897.14} finished
2024/07/31 23:08:13 walker.go:242: walking of {file:///home/loganmancuso/Documents/Backups/os-init/vivaldi/OnDeviceHeadSuggestModel} finished
2024/07/31 23:08:13 walker.go:242: walking of {file:///home/loganmancuso/Documents/Backups/os-init/vivaldi/OriginTrials/1.0.0.16/_metadata} finished
2024/07/31 23:08:13 walker.go:242: walking of {file:///home/loganmancuso/Documents/Backups/os-init/vivaldi/OriginTrials/1.0.0.16} finished
2024/07/31 23:08:13 walker.go:242: walking of {file:///home/loganmancuso/Documents/Backups/os-init/vivaldi/OriginTrials} finished
2024/07/31 23:08:13 walker.go:242: walking of {file:///home/loganmancuso/Documents/Backups/os-init/vivaldi/PKIMetadata/1014/_metadata} finished
2024/07/31 23:08:13 walker.go:242: walking of {file:///home/loganmancuso/Documents/Backups/os-init/vivaldi/PKIMetadata/1014} finished
2024/07/31 23:08:13 walker.go:242: walking of {file:///home/loganmancuso/Documents/Backups/os-init/vivaldi/PKIMetadata} finished
2024/07/31 23:08:13 walker.go:242: walking of {file:///home/loganmancuso/Documents/Backups/os-init/vivaldi/SSLErrorAssistant/7/_metadata} finished
2024/07/31 23:08:13 walker.go:242: walking of {file:///home/loganmancuso/Documents/Backups/os-init/vivaldi/SSLErrorAssistant/7} finished
2024/07/31 23:08:13 walker.go:242: walking of {file:///home/loganmancuso/Documents/Backups/os-init/vivaldi/SSLErrorAssistant} finished
2024/07/31 23:08:13 walker.go:242: walking of {file:///home/loganmancuso/Documents/Backups/os-init/vivaldi/Safe%20Browsing} finished
2024/07/31 23:08:13 walker.go:242: walking of {file:///home/loganmancuso/Documents/Backups/os-init/vivaldi/SafetyTips/3034/_metadata} finished
2024/07/31 23:08:13 walker.go:242: walking of {file:///home/loganmancuso/Documents/Backups/os-init/vivaldi/SafetyTips/3034} finished
2024/07/31 23:08:13 walker.go:242: walking of {file:///home/loganmancuso/Documents/Backups/os-init/vivaldi/SafetyTips} finished
2024/07/31 23:08:13 walker.go:242: walking of {file:///home/loganmancuso/Documents/Backups/os-init/vivaldi/ShaderCache} finished
2024/07/31 23:08:13 walker.go:242: walking of {file:///home/loganmancuso/Documents/Backups/os-init/vivaldi/Subresource%20Filter/Indexed%20Rules/36/9.49.1} finished
2024/07/31 23:08:13 walker.go:242: walking of {file:///home/loganmancuso/Documents/Backups/os-init/vivaldi/Subresource%20Filter/Indexed%20Rules/36} finished
2024/07/31 23:08:13 walker.go:242: walking of {file:///home/loganmancuso/Documents/Backups/os-init/vivaldi/Subresource%20Filter/Indexed%20Rules} finished
2024/07/31 23:08:13 walker.go:242: walking of {file:///home/loganmancuso/Documents/Backups/os-init/vivaldi/Subresource%20Filter/Unindexed%20Rules/9.49.1/_metadata} finished
2024/07/31 23:08:13 walker.go:242: walking of {file:///home/loganmancuso/Documents/Backups/os-init/vivaldi/Subresource%20Filter/Unindexed%20Rules/9.49.1} finished
2024/07/31 23:08:13 walker.go:242: walking of {file:///home/loganmancuso/Documents/Backups/os-init/vivaldi/Subresource%20Filter/Unindexed%20Rules} finished
2024/07/31 23:08:13 walker.go:242: walking of {file:///home/loganmancuso/Documents/Backups/os-init/vivaldi/Subresource%20Filter} finished
2024/07/31 23:08:13 walker.go:242: walking of {file:///home/loganmancuso/Documents/Backups/os-init/vivaldi/System%20Profile/AdBlockRules/AdBlocking} finished
2024/07/31 23:08:13 walker.go:242: walking of {file:///home/loganmancuso/Documents/Backups/os-init/vivaldi/System%20Profile/AdBlockRules/TrackerBlocking} finished
2024/07/31 23:08:13 walker.go:242: walking of {file:///home/loganmancuso/Documents/Backups/os-init/vivaldi/System%20Profile/AdBlockRules} finished
2024/07/31 23:08:13 walker.go:242: walking of {file:///home/loganmancuso/Documents/Backups/os-init/vivaldi/System%20Profile/Local%20Storage/leveldb} finished
2024/07/31 23:08:13 walker.go:242: walking of {file:///home/loganmancuso/Documents/Backups/os-init/vivaldi/System%20Profile/Local%20Storage} finished
2024/07/31 23:08:13 walker.go:242: walking of {file:///home/loganmancuso/Documents/Backups/os-init/vivaldi/System%20Profile/Shared%20Dictionary/cache/index-dir} finished
2024/07/31 23:08:13 walker.go:242: walking of {file:///home/loganmancuso/Documents/Backups/os-init/vivaldi/System%20Profile/Shared%20Dictionary/cache} finished
2024/07/31 23:08:13 walker.go:242: walking of {file:///home/loganmancuso/Documents/Backups/os-init/vivaldi/System%20Profile/Shared%20Dictionary} finished
2024/07/31 23:08:13 walker.go:242: walking of {file:///home/loganmancuso/Documents/Backups/os-init/vivaldi/System%20Profile/SyncedFiles} finished
2024/07/31 23:08:13 walker.go:242: walking of {file:///home/loganmancuso/Documents/Backups/os-init/vivaldi/System%20Profile/blob_storage/65a59c6c-8a65-4ebb-b520-c0142bb9ec0f} finished
2024/07/31 23:08:13 walker.go:242: walking of {file:///home/loganmancuso/Documents/Backups/os-init/vivaldi/System%20Profile/blob_storage} finished
2024/07/31 23:08:13 walker.go:242: walking of {file:///home/loganmancuso/Documents/Backups/os-init/vivaldi/System%20Profile} finished
2024/07/31 23:08:13 walker.go:242: walking of {file:///home/loganmancuso/Documents/Backups/os-init/vivaldi/TpcdMetadata/2024.7.15.1/_metadata} finished
2024/07/31 23:08:13 walker.go:242: walking of {file:///home/loganmancuso/Documents/Backups/os-init/vivaldi/TpcdMetadata/2024.7.15.1} finished
2024/07/31 23:08:13 walker.go:242: walking of {file:///home/loganmancuso/Documents/Backups/os-init/vivaldi/TpcdMetadata/2024.7.16.1/_metadata} finished
2024/07/31 23:08:13 walker.go:242: walking of {file:///home/loganmancuso/Documents/Backups/os-init/vivaldi/TpcdMetadata/2024.7.16.1} finished
2024/07/31 23:08:13 walker.go:242: walking of {file:///home/loganmancuso/Documents/Backups/os-init/vivaldi/TpcdMetadata} finished
2024/07/31 23:08:13 walker.go:242: walking of {file:///home/loganmancuso/Documents/Backups/os-init/vivaldi/TrustTokenKeyCommitments/2024.6.30.1/_metadata} finished
2024/07/31 23:08:13 walker.go:242: walking of {file:///home/loganmancuso/Documents/Backups/os-init/vivaldi/TrustTokenKeyCommitments/2024.6.30.1} finished
2024/07/31 23:08:13 walker.go:242: walking of {file:///home/loganmancuso/Documents/Backups/os-init/vivaldi/TrustTokenKeyCommitments/2024.7.17.3/_metadata} finished
2024/07/31 23:08:13 walker.go:242: walking of {file:///home/loganmancuso/Documents/Backups/os-init/vivaldi/TrustTokenKeyCommitments/2024.7.17.3} finished
2024/07/31 23:08:13 walker.go:242: walking of {file:///home/loganmancuso/Documents/Backups/os-init/vivaldi/TrustTokenKeyCommitments/2024.7.17.4/_metadata} finished
2024/07/31 23:08:13 walker.go:242: walking of {file:///home/loganmancuso/Documents/Backups/os-init/vivaldi/TrustTokenKeyCommitments/2024.7.17.4} finished
2024/07/31 23:08:13 walker.go:242: walking of {file:///home/loganmancuso/Documents/Backups/os-init/vivaldi/TrustTokenKeyCommitments} finished
2024/07/31 23:08:13 walker.go:242: walking of {file:///home/loganmancuso/Documents/Backups/os-init/vivaldi/Webstore%20Downloads} finished
2024/07/31 23:08:13 walker.go:242: walking of {file:///home/loganmancuso/Documents/Backups/os-init/vivaldi/WidevineCdm/4.10.2710.0/_metadata} finished
2024/07/31 23:08:13 walker.go:242: walking of {file:///home/loganmancuso/Documents/Backups/os-init/vivaldi/WidevineCdm/4.10.2710.0/_platform_specific/linux_x64} finished
2024/07/31 23:08:13 walker.go:242: walking of {file:///home/loganmancuso/Documents/Backups/os-init/vivaldi/WidevineCdm/4.10.2710.0/_platform_specific} finished
2024/07/31 23:08:13 walker.go:242: walking of {file:///home/loganmancuso/Documents/Backups/os-init/vivaldi/WidevineCdm/4.10.2710.0} finished
2024/07/31 23:08:13 walker.go:242: walking of {file:///home/loganmancuso/Documents/Backups/os-init/vivaldi/WidevineCdm} finished
2024/07/31 23:08:13 walker.go:242: walking of {file:///home/loganmancuso/Documents/Backups/os-init/vivaldi/ZxcvbnData/3/_metadata} finished
2024/07/31 23:08:13 walker.go:242: walking of {file:///home/loganmancuso/Documents/Backups/os-init/vivaldi/ZxcvbnData/3} finished
2024/07/31 23:08:13 walker.go:242: walking of {file:///home/loganmancuso/Documents/Backups/os-init/vivaldi/ZxcvbnData} finished
2024/07/31 23:08:13 walker.go:242: walking of {file:///home/loganmancuso/Documents/Backups/os-init/vivaldi/component_crx_cache} finished
2024/07/31 23:08:13 walker.go:242: walking of {file:///home/loganmancuso/Documents/Backups/os-init/vivaldi/hyphen-data/120.0.6050.0/_metadata} finished
2024/07/31 23:08:13 walker.go:242: walking of {file:///home/loganmancuso/Documents/Backups/os-init/vivaldi/hyphen-data/120.0.6050.0} finished
2024/07/31 23:08:13 walker.go:242: walking of {file:///home/loganmancuso/Documents/Backups/os-init/vivaldi/hyphen-data} finished
2024/07/31 23:08:13 walker.go:242: walking of {file:///home/loganmancuso/Documents/Backups/os-init/vivaldi} finished
2024/07/31 23:08:13 walker.go:242: walking of {file:///home/loganmancuso/Documents/Backups/os-init} finished
2024/07/31 23:08:13 walker.go:156: walker: walking through {"file:///home/loganmancuso/Documents/Backups/os-init"} finished
2024/07/31 23:08:13 walker_paths.go:255: walking next dir: {"file:///home/loganmancuso/SourceControl/Personal/dotfiles"}
2024/07/31 23:08:13 walker.go:212: skipping ignored dir name: .git
2024/07/31 23:08:13 walker.go:242: walking of {file:///home/loganmancuso/SourceControl/Personal/dotfiles/bash/dot-config/bash} finished
2024/07/31 23:08:13 walker.go:242: walking of {file:///home/loganmancuso/SourceControl/Personal/dotfiles/bash/dot-config} finished
2024/07/31 23:08:13 walker.go:242: walking of {file:///home/loganmancuso/SourceControl/Personal/dotfiles/bash} finished
2024/07/31 23:08:13 walker.go:242: walking of {file:///home/loganmancuso/SourceControl/Personal/dotfiles/git} finished
2024/07/31 23:08:13 walker.go:242: walking of {file:///home/loganmancuso/SourceControl/Personal/dotfiles/nvim/dot-config/nvim/lua/configs} finished
2024/07/31 23:08:13 walker.go:242: walking of {file:///home/loganmancuso/SourceControl/Personal/dotfiles/nvim/dot-config/nvim/lua/plugins} finished
2024/07/31 23:08:13 walker.go:242: walking of {file:///home/loganmancuso/SourceControl/Personal/dotfiles/nvim/dot-config/nvim/lua} finished
2024/07/31 23:08:13 walker.go:242: walking of {file:///home/loganmancuso/SourceControl/Personal/dotfiles/nvim/dot-config/nvim/starter} finished
2024/07/31 23:08:13 walker.go:242: walking of {file:///home/loganmancuso/SourceControl/Personal/dotfiles/nvim/dot-config/nvim} finished
2024/07/31 23:08:13 walker.go:242: walking of {file:///home/loganmancuso/SourceControl/Personal/dotfiles/nvim/dot-config} finished
2024/07/31 23:08:13 walker.go:242: walking of {file:///home/loganmancuso/SourceControl/Personal/dotfiles/nvim} finished
2024/07/31 23:08:13 walker.go:242: walking of {file:///home/loganmancuso/SourceControl/Personal/dotfiles/ssh/dot-ssh} finished
2024/07/31 23:08:13 walker.go:242: walking of {file:///home/loganmancuso/SourceControl/Personal/dotfiles/ssh} finished
2024/07/31 23:08:13 walker.go:242: walking of {file:///home/loganmancuso/SourceControl/Personal/dotfiles} finished
2024/07/31 23:08:13 walker.go:156: walker: walking through {"file:///home/loganmancuso/SourceControl/Personal/dotfiles"} finished
2024/07/31 23:08:13 walker_paths.go:255: walking next dir: {"file:///home/loganmancuso/SourceControl/Snippets/prompt-work"}
2024/07/31 23:08:13 walker.go:212: skipping ignored dir name: .git
2024/07/31 23:08:13 walker.go:242: walking of {file:///home/loganmancuso/SourceControl/Snippets/prompt-work} finished
2024/07/31 23:08:13 walker.go:156: walker: walking through {"file:///home/loganmancuso/SourceControl/Snippets/prompt-work"} finished
2024/07/31 23:08:17 opts.go:215: Received request batch of size 1 (qlen=0)
2024/07/31 23:08:17 opts.go:215: Dequeued request batch of length 1 (qlen=0)
2024/07/31 23:08:17 rpc_logger.go:32: Incoming notification for "workspace/didChangeWorkspaceFolders": {"event":{"added":[{"uri":"file:///home/loganmancuso/SourceControl/Workspaces","name":"Workspaces"}],"removed":[]}}
2024/07/31 23:08:17 walker_paths.go:255: walking next dir: {"file:///home/loganmancuso/SourceControl/Workspaces"}
2024/07/31 23:08:17 walker.go:212: skipping ignored dir name: .git
2024/07/31 23:08:17 walker.go:242: walking of {file:///home/loganmancuso/SourceControl/Workspaces/Personal} finished
2024/07/31 23:08:17 walker.go:242: walking of {file:///home/loganmancuso/SourceControl/Workspaces/Professional} finished
2024/07/31 23:08:17 walker.go:242: walking of {file:///home/loganmancuso/SourceControl/Workspaces} finished
2024/07/31 23:08:17 walker.go:156: walker: walking through {"file:///home/loganmancuso/SourceControl/Workspaces"} finished
2024/07/31 23:08:30 opts.go:215: Received request batch of size 1 (qlen=0)
2024/07/31 23:08:30 opts.go:215: Dequeued request batch of length 1 (qlen=0)
2024/07/31 23:08:30 rpc_logger.go:32: Incoming notification for "workspace/didChangeWorkspaceFolders": {"event":{"added":[],"removed":[]}}
Client: Running --> Stopped
2024/07/31 23:08:30 opts.go:215: Received request batch of size 1 (qlen=0)
2024/07/31 23:08:30 opts.go:215: Dequeued request batch of length 1 (qlen=0)
2024/07/31 23:08:30 rpc_logger.go:32: Incoming request for "shutdown" (ID 1): 
2024/07/31 23:08:30 service.go:552: stopping closedDirWalker for session ...
2024/07/31 23:08:30 service.go:554: closedDirWalker stopped
2024/07/31 23:08:30 service.go:557: stopping openDirWalker for session ...
2024/07/31 23:08:30 service.go:559: openDirWalker stopped
2024/07/31 23:08:30 scheduler.go:63: stopped scheduler
2024/07/31 23:08:30 scheduler.go:63: stopped scheduler
2024/07/31 23:08:30 rpc_logger.go:53: Response to "shutdown" (ID 1): null
2024/07/31 23:08:30 opts.go:215: Completed 1 requests [149.076µs elapsed]
